2026-07-24 11:42:18 ☞ 프로그램이 실행되었습니다.

2026-07-24 11:42:19 ☞ 파일 삭제 - log_20260610_20.log

2026-07-24 11:42:19 ☞ 파일 삭제 - log_20260610_21.log

2026-07-24 11:42:19 ☞ 파일 삭제 - log_20260610_22.log

2026-07-24 11:42:19 ☞ 파일 삭제 - log_20260611_09.log

2026-07-24 11:42:19 ☞ 파일 삭제 - log_20260611_10.log

2026-07-24 11:42:19 ☞ 파일 삭제 - log_20260612_17.log

2026-07-24 11:42:19 ☞ 파일 삭제 - log_20260613_08.log

2026-07-24 11:42:19 ☞ 파일 삭제 - log_20260613_09.log

2026-07-24 11:42:26 ☞ 입고 선택

2026-07-24 11:42:27 ☞ 1차계근 선택

2026-07-24 11:42:31 ☞ 차량번호 입력 : 3333

2026-07-24 11:42:38 ☞ 이전단계이동

2026-07-24 11:42:39 ☞ 이전단계이동

2026-07-24 11:42:40 ☞ 이전단계이동

2026-07-24 11:42:40 ☞ 연결된 구성원으로부터 응답이 없어 연결하지 못했거나, 호스트로부터 응답이 없어 연결이 끊어졌습니다 172.30.1.240:23

2026-07-24 11:42:48 ☞ 계량전표 재출력

2026-07-24 11:42:49 ☞ StartCamera1: 카메라 프레임을 읽지 못했습니다.

2026-07-24 11:42:50 ☞ StartCamera1: 카메라 프레임을 읽지 못했습니다.

2026-07-24 11:42:50 ☞ StartCamera1: 카메라 프레임을 읽지 못했습니다.

2026-07-24 11:42:51 ☞ StartCamera1: 카메라 프레임을 읽지 못했습니다.

2026-07-24 11:42:51 ☞ StartCamera1: 카메라 프레임을 읽지 못했습니다.

2026-07-24 11:42:52 ☞ StartCamera1: 카메라 프레임을 읽지 못했습니다.

2026-07-24 11:42:52 ☞ StartCamera1: 카메라 프레임을 읽지 못했습니다.

2026-07-24 11:42:53 ☞ StartCamera1: 카메라 프레임을 읽지 못했습니다.

2026-07-24 11:42:53 ☞ StartCamera1: 카메라 프레임을 읽지 못했습니다.

2026-07-24 11:42:54 ☞ StartCamera1: 카메라 프레임을 읽지 못했습니다.

2026-07-24 11:42:54 ☞ StartCamera1: 카메라 프레임을 읽지 못했습니다.

2026-07-24 11:42:55 ☞ StartCamera1: 카메라 프레임을 읽지 못했습니다.

2026-07-24 11:42:55 ☞ StartCamera1: 카메라 프레임을 읽지 못했습니다.

2026-07-24 11:42:56 ☞ StartCamera1: 카메라 프레임을 읽지 못했습니다.

2026-07-24 11:42:56 ☞ StartCamera1: 카메라 프레임을 읽지 못했습니다.

2026-07-24 11:42:57 ☞ StartCamera1: 카메라 프레임을 읽지 못했습니다.

2026-07-24 11:42:57 ☞ StartCamera1: 카메라 프레임을 읽지 못했습니다.

2026-07-24 11:42:58 ☞ StartCamera1: 카메라 프레임을 읽지 못했습니다.

2026-07-24 11:42:59 ☞ StartCamera1: 카메라 프레임을 읽지 못했습니다.

2026-07-24 11:42:59 ☞ StartCamera1: 카메라 프레임을 읽지 못했습니다.

2026-07-24 11:43:00 ☞ StartCamera1: 카메라 프레임을 읽지 못했습니다.

2026-07-24 11:43:00 ☞ StartCamera1: 카메라 프레임을 읽지 못했습니다.

2026-07-24 11:43:01 ☞ StartCamera1: 카메라 프레임을 읽지 못했습니다.

2026-07-24 11:43:01 ☞ StartCamera1: 카메라 프레임을 읽지 못했습니다.

2026-07-24 11:43:02 ☞ StartCamera1: 카메라 프레임을 읽지 못했습니다.

2026-07-24 11:43:02 ☞ StartCamera1: 카메라 프레임을 읽지 못했습니다.

2026-07-24 11:43:03 ☞ StartCamera1: 카메라 프레임을 읽지 못했습니다.

2026-07-24 11:43:03 ☞ StartCamera1: 카메라 프레임을 읽지 못했습니다.

2026-07-24 11:43:04 ☞ StartCamera1: 카메라 프레임을 읽지 못했습니다.

2026-07-24 11:43:04 ☞ StartCamera1: 카메라 프레임을 읽지 못했습니다.

2026-07-24 11:43:05 ☞ StartCamera1: 카메라 프레임을 읽지 못했습니다.

2026-07-24 11:43:05 ☞ StartCamera1: 카메라 프레임을 읽지 못했습니다.

2026-07-24 11:43:06 ☞ StartCamera1: 카메라 프레임을 읽지 못했습니다.

2026-07-24 11:43:06 ☞ StartCamera1: 카메라 프레임을 읽지 못했습니다.

2026-07-24 11:43:07 ☞ StartCamera1: 카메라 프레임을 읽지 못했습니다.

2026-07-24 11:43:07 ☞ StartCamera1: 카메라 프레임을 읽지 못했습니다.

2026-07-24 11:43:08 ☞ StartCamera1: 카메라 프레임을 읽지 못했습니다.

2026-07-24 11:43:08 ☞ StartCamera1: 카메라 프레임을 읽지 못했습니다.

2026-07-24 11:43:09 ☞ StartCamera1: 카메라 프레임을 읽지 못했습니다.

2026-07-24 11:43:09 ☞ StartCamera1: 카메라 프레임을 읽지 못했습니다.

2026-07-24 11:43:10 ☞ StartCamera1: 카메라 프레임을 읽지 못했습니다.

2026-07-24 11:43:10 ☞ StartCamera1: 카메라 프레임을 읽지 못했습니다.

2026-07-24 11:43:11 ☞ StartCamera1: 카메라 프레임을 읽지 못했습니다.

2026-07-24 11:43:11 ☞ StartCamera1: 카메라 프레임을 읽지 못했습니다.

2026-07-24 11:43:12 ☞ StartCamera1: 카메라 프레임을 읽지 못했습니다.

2026-07-24 11:43:12 ☞ StartCamera1: 카메라 프레임을 읽지 못했습니다.

2026-07-24 11:43:13 ☞ StartCamera1: 카메라 프레임을 읽지 못했습니다.

2026-07-24 11:43:13 ☞ StartCamera1: 카메라 프레임을 읽지 못했습니다.

2026-07-24 11:43:14 ☞ StartCamera1: 카메라 프레임을 읽지 못했습니다.

2026-07-24 11:43:14 ☞ StartCamera1: 카메라 프레임을 읽지 못했습니다.

2026-07-24 11:43:15 ☞ StartCamera1: 카메라 프레임을 읽지 못했습니다.

2026-07-24 11:43:15 ☞ StartCamera1: 카메라 프레임을 읽지 못했습니다.

2026-07-24 11:43:16 ☞ StartCamera1: 카메라 프레임을 읽지 못했습니다.

2026-07-24 11:43:16 ☞ StartCamera1: 카메라 프레임을 읽지 못했습니다.

2026-07-24 11:43:17 ☞ StartCamera1: 카메라 프레임을 읽지 못했습니다.

2026-07-24 11:43:17 ☞ StartCamera1: 카메라 프레임을 읽지 못했습니다.

2026-07-24 11:43:18 ☞ StartCamera1: 카메라 프레임을 읽지 못했습니다.

2026-07-24 11:43:18 ☞ StartCamera1: 카메라 프레임을 읽지 못했습니다.

2026-07-24 11:43:19 ☞ StartCamera1: 카메라 프레임을 읽지 못했습니다.

2026-07-24 11:43:19 ☞ StartCamera2: 카메라 프레임을 읽지 못했습니다.

2026-07-24 11:43:19 ☞ StartCamera1: 카메라 프레임을 읽지 못했습니다.

2026-07-24 11:43:20 ☞ StartCamera2: 카메라 프레임을 읽지 못했습니다.

2026-07-24 11:43:20 ☞ StartCamera1: 카메라 프레임을 읽지 못했습니다.

2026-07-24 11:43:20 ☞ StartCamera2: 카메라 프레임을 읽지 못했습니다.

2026-07-24 11:43:20 ☞ StartCamera1: 카메라 프레임을 읽지 못했습니다.

2026-07-24 11:43:21 ☞ StartCamera2: 카메라 프레임을 읽지 못했습니다.

2026-07-24 11:43:21 ☞ StartCamera1: 카메라 프레임을 읽지 못했습니다.

2026-07-24 11:43:21 ☞ StartCamera2: 카메라 프레임을 읽지 못했습니다.

2026-07-24 11:43:21 ☞ StartCamera1: 카메라 프레임을 읽지 못했습니다.

2026-07-24 11:43:22 ☞ StartCamera2: 카메라 프레임을 읽지 못했습니다.

2026-07-24 11:43:22 ☞ StartCamera1: 카메라 프레임을 읽지 못했습니다.

2026-07-24 11:43:22 ☞ StartCamera2: 카메라 프레임을 읽지 못했습니다.

2026-07-24 11:43:23 ☞ StartCamera1: 카메라 프레임을 읽지 못했습니다.

2026-07-24 11:43:23 ☞ StartCamera2: 카메라 프레임을 읽지 못했습니다.

2026-07-24 11:43:23 ☞ StartCamera1: 카메라 프레임을 읽지 못했습니다.

2026-07-24 11:43:23 ☞ StartCamera2: 카메라 프레임을 읽지 못했습니다.

2026-07-24 11:43:24 ☞ StartCamera1: 카메라 프레임을 읽지 못했습니다.

2026-07-24 11:43:24 ☞ StartCamera2: 카메라 프레임을 읽지 못했습니다.

2026-07-24 11:43:24 ☞ StartCamera1: 카메라 프레임을 읽지 못했습니다.

2026-07-24 11:43:24 ☞ StartCamera2: 카메라 프레임을 읽지 못했습니다.

2026-07-24 11:43:25 ☞ StartCamera1: 카메라 프레임을 읽지 못했습니다.

2026-07-24 11:43:25 ☞ StartCamera2: 카메라 프레임을 읽지 못했습니다.

2026-07-24 11:43:25 ☞ StartCamera1: 카메라 프레임을 읽지 못했습니다.

2026-07-24 11:43:26 ☞ StartCamera2: 카메라 프레임을 읽지 못했습니다.

2026-07-24 11:43:26 ☞ StartCamera1: 카메라 프레임을 읽지 못했습니다.

2026-07-24 11:43:26 ☞ StartCamera2: 카메라 프레임을 읽지 못했습니다.

2026-07-24 11:43:26 ☞ StartCamera1: 카메라 프레임을 읽지 못했습니다.

2026-07-24 11:43:27 ☞ StartCamera2: 카메라 프레임을 읽지 못했습니다.

2026-07-24 11:43:27 ☞ StartCamera1: 카메라 프레임을 읽지 못했습니다.

2026-07-24 11:43:27 ☞ StartCamera2: 카메라 프레임을 읽지 못했습니다.

2026-07-24 11:43:27 ☞ StartCamera1: 카메라 프레임을 읽지 못했습니다.

2026-07-24 11:43:28 ☞ StartCamera2: 카메라 프레임을 읽지 못했습니다.

2026-07-24 11:43:28 ☞ StartCamera1: 카메라 프레임을 읽지 못했습니다.

2026-07-24 11:43:28 ☞ StartCamera2: 카메라 프레임을 읽지 못했습니다.

2026-07-24 11:43:28 ☞ StartCamera1: 카메라 프레임을 읽지 못했습니다.

2026-07-24 11:43:29 ☞ StartCamera2: 카메라 프레임을 읽지 못했습니다.

2026-07-24 11:43:29 ☞ StartCamera1: 카메라 프레임을 읽지 못했습니다.

2026-07-24 11:43:29 ☞ StartCamera2: 카메라 프레임을 읽지 못했습니다.

2026-07-24 11:43:29 ☞ StartCamera1: 카메라 프레임을 읽지 못했습니다.

2026-07-24 11:43:30 ☞ StartCamera2: 카메라 프레임을 읽지 못했습니다.

2026-07-24 11:43:30 ☞ StartCamera1: 카메라 프레임을 읽지 못했습니다.

2026-07-24 11:43:30 ☞ StartCamera2: 카메라 프레임을 읽지 못했습니다.

2026-07-24 11:43:30 ☞ StartCamera1: 카메라 프레임을 읽지 못했습니다.

2026-07-24 11:43:31 ☞ StartCamera2: 카메라 프레임을 읽지 못했습니다.

2026-07-24 11:43:31 ☞ StartCamera1: 카메라 프레임을 읽지 못했습니다.

2026-07-24 11:43:31 ☞ StartCamera2: 카메라 프레임을 읽지 못했습니다.

2026-07-24 11:43:31 ☞ StartCamera1: 카메라 프레임을 읽지 못했습니다.

2026-07-24 11:43:32 ☞ StartCamera2: 카메라 프레임을 읽지 못했습니다.

2026-07-24 11:43:32 ☞ StartCamera1: 카메라 프레임을 읽지 못했습니다.

2026-07-24 11:43:32 ☞ StartCamera2: 카메라 프레임을 읽지 못했습니다.

2026-07-24 11:43:32 ☞ StartCamera1: 카메라 프레임을 읽지 못했습니다.

2026-07-24 11:43:33 ☞ StartCamera2: 카메라 프레임을 읽지 못했습니다.

2026-07-24 11:43:33 ☞ StartCamera1: 카메라 프레임을 읽지 못했습니다.

2026-07-24 11:43:33 ☞ StartCamera2: 카메라 프레임을 읽지 못했습니다.

2026-07-24 11:43:33 ☞ StartCamera1: 카메라 프레임을 읽지 못했습니다.

2026-07-24 11:43:34 ☞ StartCamera2: 카메라 프레임을 읽지 못했습니다.

2026-07-24 11:43:34 ☞ StartCamera1: 카메라 프레임을 읽지 못했습니다.

2026-07-24 11:43:34 ☞ StartCamera2: 카메라 프레임을 읽지 못했습니다.

2026-07-24 11:43:34 ☞ StartCamera1: 카메라 프레임을 읽지 못했습니다.

2026-07-24 11:43:35 ☞ StartCamera2: 카메라 프레임을 읽지 못했습니다.

2026-07-24 11:43:35 ☞ StartCamera1: 카메라 프레임을 읽지 못했습니다.

2026-07-24 11:43:35 ☞ StartCamera2: 카메라 프레임을 읽지 못했습니다.

2026-07-24 11:43:35 ☞ StartCamera1: 카메라 프레임을 읽지 못했습니다.

2026-07-24 11:43:36 ☞ StartCamera2: 카메라 프레임을 읽지 못했습니다.

2026-07-24 11:43:36 ☞ StartCamera1: 카메라 프레임을 읽지 못했습니다.

2026-07-24 11:43:36 ☞ StartCamera2: 카메라 프레임을 읽지 못했습니다.

2026-07-24 11:43:36 ☞ StartCamera1: 카메라 프레임을 읽지 못했습니다.

2026-07-24 11:43:37 ☞ StartCamera2: 카메라 프레임을 읽지 못했습니다.

2026-07-24 11:43:37 ☞ StartCamera1: 카메라 프레임을 읽지 못했습니다.

2026-07-24 11:43:37 ☞ StartCamera2: 카메라 프레임을 읽지 못했습니다.

2026-07-24 11:43:37 ☞ StartCamera1: 카메라 프레임을 읽지 못했습니다.

2026-07-24 11:43:38 ☞ StartCamera2: 카메라 프레임을 읽지 못했습니다.

2026-07-24 11:43:38 ☞ StartCamera1: 카메라 프레임을 읽지 못했습니다.

2026-07-24 11:43:38 ☞ StartCamera2: 카메라 프레임을 읽지 못했습니다.

2026-07-24 11:43:38 ☞ StartCamera1: 카메라 프레임을 읽지 못했습니다.

2026-07-24 11:43:39 ☞ StartCamera2: 카메라 프레임을 읽지 못했습니다.

2026-07-24 11:43:39 ☞ StartCamera1: 카메라 프레임을 읽지 못했습니다.

2026-07-24 11:43:39 ☞ StartCamera2: 카메라 프레임을 읽지 못했습니다.

2026-07-24 11:43:39 ☞ StartCamera1: 카메라 프레임을 읽지 못했습니다.

2026-07-24 11:43:40 ☞ StartCamera2: 카메라 프레임을 읽지 못했습니다.

2026-07-24 11:43:40 ☞ StartCamera1: 카메라 프레임을 읽지 못했습니다.

2026-07-24 11:43:40 ☞ StartCamera2: 카메라 프레임을 읽지 못했습니다.

2026-07-24 11:43:40 ☞ StartCamera1: 카메라 프레임을 읽지 못했습니다.

2026-07-24 11:43:41 ☞ StartCamera2: 카메라 프레임을 읽지 못했습니다.

2026-07-24 11:43:41 ☞ StartCamera1: 카메라 프레임을 읽지 못했습니다.

2026-07-24 11:43:41 ☞ StartCamera2: 카메라 프레임을 읽지 못했습니다.

2026-07-24 11:43:41 ☞ StartCamera1: 카메라 프레임을 읽지 못했습니다.

2026-07-24 11:43:42 ☞ StartCamera2: 카메라 프레임을 읽지 못했습니다.

2026-07-24 11:43:42 ☞ StartCamera1: 카메라 프레임을 읽지 못했습니다.

2026-07-24 11:43:42 ☞ StartCamera2: 카메라 프레임을 읽지 못했습니다.

2026-07-24 11:43:42 ☞ StartCamera1: 카메라 프레임을 읽지 못했습니다.

2026-07-24 11:43:43 ☞ StartCamera2: 카메라 프레임을 읽지 못했습니다.

2026-07-24 11:43:43 ☞ StartCamera1: 카메라 프레임을 읽지 못했습니다.

2026-07-24 11:43:43 ☞ StartCamera2: 카메라 프레임을 읽지 못했습니다.

2026-07-24 11:43:43 ☞ StartCamera1: 카메라 프레임을 읽지 못했습니다.

2026-07-24 11:43:44 ☞ StartCamera2: 카메라 프레임을 읽지 못했습니다.

2026-07-24 11:43:44 ☞ StartCamera1: 카메라 프레임을 읽지 못했습니다.

2026-07-24 11:43:44 ☞ StartCamera2: 카메라 프레임을 읽지 못했습니다.

2026-07-24 11:43:44 ☞ StartCamera1: 카메라 프레임을 읽지 못했습니다.

2026-07-24 11:43:45 ☞ StartCamera2: 카메라 프레임을 읽지 못했습니다.

2026-07-24 11:43:45 ☞ StartCamera1: 카메라 프레임을 읽지 못했습니다.

2026-07-24 11:43:45 ☞ StartCamera2: 카메라 프레임을 읽지 못했습니다.

2026-07-24 11:43:45 ☞ StartCamera1: 카메라 프레임을 읽지 못했습니다.

2026-07-24 11:43:46 ☞ StartCamera2: 카메라 프레임을 읽지 못했습니다.

2026-07-24 11:43:46 ☞ StartCamera1: 카메라 프레임을 읽지 못했습니다.

2026-07-24 11:43:46 ☞ StartCamera2: 카메라 프레임을 읽지 못했습니다.

2026-07-24 11:43:47 ☞ StartCamera1: 카메라 프레임을 읽지 못했습니다.

2026-07-24 11:43:47 ☞ StartCamera2: 카메라 프레임을 읽지 못했습니다.

2026-07-24 11:43:47 ☞ StartCamera1: 카메라 프레임을 읽지 못했습니다.

2026-07-24 11:43:47 ☞ StartCamera2: 카메라 프레임을 읽지 못했습니다.

2026-07-24 11:43:48 ☞ StartCamera1: 카메라 프레임을 읽지 못했습니다.

2026-07-24 11:43:48 ☞ StartCamera2: 카메라 프레임을 읽지 못했습니다.

2026-07-24 11:43:48 ☞ StartCamera1: 카메라 프레임을 읽지 못했습니다.

2026-07-24 11:43:48 ☞ StartCamera2: 카메라 프레임을 읽지 못했습니다.

2026-07-24 11:43:49 ☞ StartCamera1: 카메라 프레임을 읽지 못했습니다.

2026-07-24 11:43:49 ☞ StartCamera2: 카메라 프레임을 읽지 못했습니다.

2026-07-24 11:43:49 ☞ StartCamera1: 카메라 프레임을 읽지 못했습니다.

2026-07-24 11:43:50 ☞ StartCamera2: 카메라 프레임을 읽지 못했습니다.

2026-07-24 11:43:50 ☞ StartCamera1: 카메라 프레임을 읽지 못했습니다.

2026-07-24 11:43:50 ☞ StartCamera2: 카메라 프레임을 읽지 못했습니다.

2026-07-24 11:43:50 ☞ StartCamera1: 카메라 프레임을 읽지 못했습니다.

2026-07-24 11:43:51 ☞ StartCamera2: 카메라 프레임을 읽지 못했습니다.

2026-07-24 11:43:51 ☞ StartCamera1: 카메라 프레임을 읽지 못했습니다.

2026-07-24 11:43:51 ☞ StartCamera2: 카메라 프레임을 읽지 못했습니다.

2026-07-24 11:43:51 ☞ StartCamera1: 카메라 프레임을 읽지 못했습니다.

2026-07-24 11:43:52 ☞ StartCamera2: 카메라 프레임을 읽지 못했습니다.

2026-07-24 11:43:52 ☞ StartCamera1: 카메라 프레임을 읽지 못했습니다.

2026-07-24 11:43:52 ☞ StartCamera2: 카메라 프레임을 읽지 못했습니다.

2026-07-24 11:43:52 ☞ StartCamera1: 카메라 프레임을 읽지 못했습니다.

2026-07-24 11:43:53 ☞ StartCamera2: 카메라 프레임을 읽지 못했습니다.

2026-07-24 11:43:53 ☞ StartCamera1: 카메라 프레임을 읽지 못했습니다.

2026-07-24 11:43:53 ☞ StartCamera2: 카메라 프레임을 읽지 못했습니다.

2026-07-24 11:43:53 ☞ StartCamera1: 카메라 프레임을 읽지 못했습니다.

2026-07-24 11:43:54 ☞ StartCamera2: 카메라 프레임을 읽지 못했습니다.

2026-07-24 11:43:54 ☞ StartCamera1: 카메라 프레임을 읽지 못했습니다.

2026-07-24 11:43:54 ☞ StartCamera2: 카메라 프레임을 읽지 못했습니다.

2026-07-24 11:43:54 ☞ StartCamera1: 카메라 프레임을 읽지 못했습니다.

2026-07-24 11:43:55 ☞ StartCamera2: 카메라 프레임을 읽지 못했습니다.

2026-07-24 11:43:55 ☞ StartCamera1: 카메라 프레임을 읽지 못했습니다.

2026-07-24 11:43:55 ☞ StartCamera2: 카메라 프레임을 읽지 못했습니다.

2026-07-24 11:43:55 ☞ StartCamera1: 카메라 프레임을 읽지 못했습니다.

2026-07-24 11:43:56 ☞ StartCamera2: 카메라 프레임을 읽지 못했습니다.

2026-07-24 11:43:56 ☞ StartCamera1: 카메라 프레임을 읽지 못했습니다.

2026-07-24 11:43:56 ☞ StartCamera2: 카메라 프레임을 읽지 못했습니다.

2026-07-24 11:43:56 ☞ StartCamera1: 카메라 프레임을 읽지 못했습니다.

2026-07-24 11:43:57 ☞ StartCamera2: 카메라 프레임을 읽지 못했습니다.

2026-07-24 11:43:57 ☞ StartCamera1: 카메라 프레임을 읽지 못했습니다.

2026-07-24 11:43:57 ☞ StartCamera2: 카메라 프레임을 읽지 못했습니다.

2026-07-24 11:43:57 ☞ StartCamera1: 카메라 프레임을 읽지 못했습니다.

2026-07-24 11:43:58 ☞ StartCamera2: 카메라 프레임을 읽지 못했습니다.

2026-07-24 11:43:58 ☞ StartCamera1: 카메라 프레임을 읽지 못했습니다.

2026-07-24 11:43:58 ☞ StartCamera2: 카메라 프레임을 읽지 못했습니다.

2026-07-24 11:43:58 ☞ StartCamera1: 카메라 프레임을 읽지 못했습니다.

2026-07-24 11:43:59 ☞ StartCamera2: 카메라 프레임을 읽지 못했습니다.

2026-07-24 11:43:59 ☞ StartCamera1: 카메라 프레임을 읽지 못했습니다.

2026-07-24 11:43:59 ☞ StartCamera2: 카메라 프레임을 읽지 못했습니다.

2026-07-24 11:43:59 ☞ StartCamera1: 카메라 프레임을 읽지 못했습니다.

2026-07-24 11:44:00 ☞ StartCamera2: 카메라 프레임을 읽지 못했습니다.

2026-07-24 11:44:00 ☞ StartCamera1: 카메라 프레임을 읽지 못했습니다.

2026-07-24 11:44:00 ☞ StartCamera2: 카메라 프레임을 읽지 못했습니다.

2026-07-24 11:44:00 ☞ StartCamera1: 카메라 프레임을 읽지 못했습니다.

2026-07-24 11:44:01 ☞ StartCamera2: 카메라 프레임을 읽지 못했습니다.

2026-07-24 11:44:01 ☞ StartCamera1: 카메라 프레임을 읽지 못했습니다.

2026-07-24 11:44:01 ☞ StartCamera2: 카메라 프레임을 읽지 못했습니다.

2026-07-24 11:44:01 ☞ StartCamera1: 카메라 프레임을 읽지 못했습니다.

2026-07-24 11:44:02 ☞ StartCamera2: 카메라 프레임을 읽지 못했습니다.

2026-07-24 11:44:02 ☞ StartCamera1: 카메라 프레임을 읽지 못했습니다.

2026-07-24 11:44:02 ☞ StartCamera2: 카메라 프레임을 읽지 못했습니다.

2026-07-24 11:44:02 ☞ StartCamera1: 카메라 프레임을 읽지 못했습니다.

2026-07-24 11:44:03 ☞ StartCamera2: 카메라 프레임을 읽지 못했습니다.

2026-07-24 11:44:03 ☞ StartCamera1: 카메라 프레임을 읽지 못했습니다.

2026-07-24 11:44:03 ☞ StartCamera2: 카메라 프레임을 읽지 못했습니다.

2026-07-24 11:44:03 ☞ StartCamera1: 카메라 프레임을 읽지 못했습니다.

2026-07-24 11:44:04 ☞ StartCamera2: 카메라 프레임을 읽지 못했습니다.

2026-07-24 11:44:04 ☞ StartCamera1: 카메라 프레임을 읽지 못했습니다.

2026-07-24 11:44:04 ☞ StartCamera2: 카메라 프레임을 읽지 못했습니다.

2026-07-24 11:44:04 ☞ StartCamera1: 카메라 프레임을 읽지 못했습니다.

2026-07-24 11:44:05 ☞ StartCamera2: 카메라 프레임을 읽지 못했습니다.

2026-07-24 11:44:05 ☞ StartCamera1: 카메라 프레임을 읽지 못했습니다.

2026-07-24 11:44:05 ☞ StartCamera2: 카메라 프레임을 읽지 못했습니다.

2026-07-24 11:44:05 ☞ StartCamera1: 카메라 프레임을 읽지 못했습니다.

2026-07-24 11:44:06 ☞ StartCamera2: 카메라 프레임을 읽지 못했습니다.

2026-07-24 11:44:06 ☞ StartCamera1: 카메라 프레임을 읽지 못했습니다.

2026-07-24 11:44:06 ☞ StartCamera2: 카메라 프레임을 읽지 못했습니다.

2026-07-24 11:44:06 ☞ StartCamera1: 카메라 프레임을 읽지 못했습니다.

2026-07-24 11:44:07 ☞ StartCamera2: 카메라 프레임을 읽지 못했습니다.

2026-07-24 11:44:07 ☞ StartCamera1: 카메라 프레임을 읽지 못했습니다.

2026-07-24 11:44:07 ☞ StartCamera2: 카메라 프레임을 읽지 못했습니다.

2026-07-24 11:44:07 ☞ StartCamera1: 카메라 프레임을 읽지 못했습니다.

2026-07-24 11:44:08 ☞ StartCamera2: 카메라 프레임을 읽지 못했습니다.

2026-07-24 11:44:08 ☞ StartCamera1: 카메라 프레임을 읽지 못했습니다.

2026-07-24 11:44:08 ☞ StartCamera2: 카메라 프레임을 읽지 못했습니다.

2026-07-24 11:44:08 ☞ StartCamera1: 카메라 프레임을 읽지 못했습니다.

2026-07-24 11:44:09 ☞ StartCamera2: 카메라 프레임을 읽지 못했습니다.

2026-07-24 11:44:09 ☞ StartCamera1: 카메라 프레임을 읽지 못했습니다.

2026-07-24 11:44:09 ☞ StartCamera2: 카메라 프레임을 읽지 못했습니다.

2026-07-24 11:44:09 ☞ StartCamera1: 카메라 프레임을 읽지 못했습니다.

2026-07-24 11:44:10 ☞ StartCamera2: 카메라 프레임을 읽지 못했습니다.

2026-07-24 11:44:10 ☞ StartCamera1: 카메라 프레임을 읽지 못했습니다.

2026-07-24 11:44:10 ☞ StartCamera2: 카메라 프레임을 읽지 못했습니다.

2026-07-24 11:44:11 ☞ StartCamera1: 카메라 프레임을 읽지 못했습니다.

2026-07-24 11:44:11 ☞ StartCamera2: 카메라 프레임을 읽지 못했습니다.

2026-07-24 11:44:11 ☞ StartCamera1: 카메라 프레임을 읽지 못했습니다.

2026-07-24 11:44:11 ☞ StartCamera2: 카메라 프레임을 읽지 못했습니다.

2026-07-24 11:44:12 ☞ StartCamera1: 카메라 프레임을 읽지 못했습니다.

2026-07-24 11:44:12 ☞ StartCamera2: 카메라 프레임을 읽지 못했습니다.

2026-07-24 11:44:12 ☞ StartCamera1: 카메라 프레임을 읽지 못했습니다.

2026-07-24 11:44:12 ☞ StartCamera2: 카메라 프레임을 읽지 못했습니다.

2026-07-24 11:44:13 ☞ StartCamera1: 카메라 프레임을 읽지 못했습니다.

2026-07-24 11:44:13 ☞ StartCamera2: 카메라 프레임을 읽지 못했습니다.

2026-07-24 11:44:13 ☞ StartCamera1: 카메라 프레임을 읽지 못했습니다.

2026-07-24 11:44:14 ☞ StartCamera2: 카메라 프레임을 읽지 못했습니다.

2026-07-24 11:44:14 ☞ StartCamera1: 카메라 프레임을 읽지 못했습니다.

2026-07-24 11:44:14 ☞ StartCamera2: 카메라 프레임을 읽지 못했습니다.

2026-07-24 11:44:14 ☞ StartCamera1: 카메라 프레임을 읽지 못했습니다.

2026-07-24 11:44:15 ☞ StartCamera2: 카메라 프레임을 읽지 못했습니다.

2026-07-24 11:44:15 ☞ StartCamera1: 카메라 프레임을 읽지 못했습니다.

2026-07-24 11:44:15 ☞ StartCamera2: 카메라 프레임을 읽지 못했습니다.

2026-07-24 11:44:15 ☞ StartCamera1: 카메라 프레임을 읽지 못했습니다.

2026-07-24 11:44:16 ☞ StartCamera2: 카메라 프레임을 읽지 못했습니다.

2026-07-24 11:44:16 ☞ StartCamera1: 카메라 프레임을 읽지 못했습니다.

2026-07-24 11:44:16 ☞ StartCamera2: 카메라 프레임을 읽지 못했습니다.

2026-07-24 11:44:16 ☞ StartCamera1: 카메라 프레임을 읽지 못했습니다.

2026-07-24 11:44:17 ☞ StartCamera2: 카메라 프레임을 읽지 못했습니다.

2026-07-24 11:44:17 ☞ StartCamera1: 카메라 프레임을 읽지 못했습니다.

2026-07-24 11:44:17 ☞ StartCamera2: 카메라 프레임을 읽지 못했습니다.

2026-07-24 11:44:17 ☞ StartCamera1: 카메라 프레임을 읽지 못했습니다.

2026-07-24 11:44:18 ☞ StartCamera2: 카메라 프레임을 읽지 못했습니다.

2026-07-24 11:44:18 ☞ StartCamera1: 카메라 프레임을 읽지 못했습니다.

2026-07-24 11:44:18 ☞ StartCamera2: 카메라 프레임을 읽지 못했습니다.

2026-07-24 11:44:18 ☞ StartCamera1: 카메라 프레임을 읽지 못했습니다.

2026-07-24 11:44:19 ☞ StartCamera2: 카메라 프레임을 읽지 못했습니다.

2026-07-24 11:44:19 ☞ StartCamera1: 카메라 프레임을 읽지 못했습니다.

2026-07-24 11:44:19 ☞ StartCamera2: 카메라 프레임을 읽지 못했습니다.

2026-07-24 11:44:19 ☞ StartCamera1: 카메라 프레임을 읽지 못했습니다.

2026-07-24 11:44:20 ☞ StartCamera2: 카메라 프레임을 읽지 못했습니다.

2026-07-24 11:44:20 ☞ StartCamera1: 카메라 프레임을 읽지 못했습니다.

2026-07-24 11:44:20 ☞ StartCamera2: 카메라 프레임을 읽지 못했습니다.

2026-07-24 11:44:20 ☞ StartCamera1: 카메라 프레임을 읽지 못했습니다.

2026-07-24 11:44:21 ☞ StartCamera2: 카메라 프레임을 읽지 못했습니다.

2026-07-24 11:44:21 ☞ StartCamera1: 카메라 프레임을 읽지 못했습니다.

2026-07-24 11:44:21 ☞ StartCamera2: 카메라 프레임을 읽지 못했습니다.

2026-07-24 11:44:21 ☞ StartCamera1: 카메라 프레임을 읽지 못했습니다.

2026-07-24 11:44:22 ☞ StartCamera2: 카메라 프레임을 읽지 못했습니다.

2026-07-24 11:44:22 ☞ StartCamera1: 카메라 프레임을 읽지 못했습니다.

2026-07-24 11:44:22 ☞ StartCamera2: 카메라 프레임을 읽지 못했습니다.

2026-07-24 11:44:22 ☞ StartCamera1: 카메라 프레임을 읽지 못했습니다.

2026-07-24 11:44:23 ☞ StartCamera2: 카메라 프레임을 읽지 못했습니다.

2026-07-24 11:44:23 ☞ StartCamera1: 카메라 프레임을 읽지 못했습니다.

2026-07-24 11:44:23 ☞ StartCamera2: 카메라 프레임을 읽지 못했습니다.

2026-07-24 11:44:23 ☞ StartCamera1: 카메라 프레임을 읽지 못했습니다.

2026-07-24 11:44:24 ☞ StartCamera2: 카메라 프레임을 읽지 못했습니다.

2026-07-24 11:44:24 ☞ StartCamera1: 카메라 프레임을 읽지 못했습니다.

2026-07-24 11:44:24 ☞ StartCamera2: 카메라 프레임을 읽지 못했습니다.

2026-07-24 11:44:24 ☞ StartCamera1: 카메라 프레임을 읽지 못했습니다.

2026-07-24 11:44:25 ☞ StartCamera2: 카메라 프레임을 읽지 못했습니다.

2026-07-24 11:44:25 ☞ StartCamera1: 카메라 프레임을 읽지 못했습니다.

2026-07-24 11:44:25 ☞ StartCamera2: 카메라 프레임을 읽지 못했습니다.

2026-07-24 11:44:25 ☞ StartCamera1: 카메라 프레임을 읽지 못했습니다.

2026-07-24 11:44:26 ☞ StartCamera2: 카메라 프레임을 읽지 못했습니다.

2026-07-24 11:44:26 ☞ StartCamera1: 카메라 프레임을 읽지 못했습니다.

2026-07-24 11:44:26 ☞ StartCamera2: 카메라 프레임을 읽지 못했습니다.

2026-07-24 11:44:26 ☞ StartCamera1: 카메라 프레임을 읽지 못했습니다.

2026-07-24 11:44:27 ☞ StartCamera2: 카메라 프레임을 읽지 못했습니다.

2026-07-24 11:44:27 ☞ StartCamera1: 카메라 프레임을 읽지 못했습니다.

2026-07-24 11:44:27 ☞ StartCamera2: 카메라 프레임을 읽지 못했습니다.

2026-07-24 11:44:27 ☞ StartCamera1: 카메라 프레임을 읽지 못했습니다.

2026-07-24 11:44:28 ☞ StartCamera2: 카메라 프레임을 읽지 못했습니다.

2026-07-24 11:44:28 ☞ StartCamera1: 카메라 프레임을 읽지 못했습니다.

2026-07-24 11:44:28 ☞ StartCamera2: 카메라 프레임을 읽지 못했습니다.

2026-07-24 11:44:28 ☞ StartCamera1: 카메라 프레임을 읽지 못했습니다.

2026-07-24 11:44:29 ☞ StartCamera2: 카메라 프레임을 읽지 못했습니다.

2026-07-24 11:44:29 ☞ StartCamera1: 카메라 프레임을 읽지 못했습니다.

2026-07-24 11:44:29 ☞ StartCamera2: 카메라 프레임을 읽지 못했습니다.

2026-07-24 11:44:29 ☞ StartCamera1: 카메라 프레임을 읽지 못했습니다.

2026-07-24 11:44:30 ☞ StartCamera2: 카메라 프레임을 읽지 못했습니다.

2026-07-24 11:44:30 ☞ StartCamera1: 카메라 프레임을 읽지 못했습니다.

2026-07-24 11:44:30 ☞ StartCamera2: 카메라 프레임을 읽지 못했습니다.

2026-07-24 11:44:30 ☞ StartCamera1: 카메라 프레임을 읽지 못했습니다.

2026-07-24 11:44:31 ☞ StartCamera2: 카메라 프레임을 읽지 못했습니다.

2026-07-24 11:44:31 ☞ StartCamera1: 카메라 프레임을 읽지 못했습니다.

2026-07-24 11:44:31 ☞ StartCamera2: 카메라 프레임을 읽지 못했습니다.

2026-07-24 11:44:31 ☞ StartCamera1: 카메라 프레임을 읽지 못했습니다.

2026-07-24 11:44:32 ☞ StartCamera2: 카메라 프레임을 읽지 못했습니다.

2026-07-24 11:44:32 ☞ StartCamera1: 카메라 프레임을 읽지 못했습니다.

2026-07-24 11:44:32 ☞ StartCamera2: 카메라 프레임을 읽지 못했습니다.

2026-07-24 11:44:32 ☞ StartCamera1: 카메라 프레임을 읽지 못했습니다.

2026-07-24 11:44:33 ☞ StartCamera2: 카메라 프레임을 읽지 못했습니다.

2026-07-24 11:44:33 ☞ StartCamera1: 카메라 프레임을 읽지 못했습니다.

2026-07-24 11:44:33 ☞ StartCamera2: 카메라 프레임을 읽지 못했습니다.

2026-07-24 11:44:33 ☞ StartCamera1: 카메라 프레임을 읽지 못했습니다.

2026-07-24 11:44:34 ☞ StartCamera2: 카메라 프레임을 읽지 못했습니다.

2026-07-24 11:44:34 ☞ StartCamera1: 카메라 프레임을 읽지 못했습니다.

2026-07-24 11:44:34 ☞ StartCamera2: 카메라 프레임을 읽지 못했습니다.

2026-07-24 11:44:35 ☞ StartCamera1: 카메라 프레임을 읽지 못했습니다.

2026-07-24 11:44:35 ☞ StartCamera2: 카메라 프레임을 읽지 못했습니다.

2026-07-24 11:44:35 ☞ StartCamera1: 카메라 프레임을 읽지 못했습니다.

2026-07-24 11:44:35 ☞ StartCamera2: 카메라 프레임을 읽지 못했습니다.

2026-07-24 11:44:36 ☞ StartCamera1: 카메라 프레임을 읽지 못했습니다.

2026-07-24 11:44:36 ☞ StartCamera2: 카메라 프레임을 읽지 못했습니다.

2026-07-24 11:44:36 ☞ StartCamera1: 카메라 프레임을 읽지 못했습니다.

2026-07-24 11:44:36 ☞ StartCamera2: 카메라 프레임을 읽지 못했습니다.

2026-07-24 11:44:37 ☞ StartCamera1: 카메라 프레임을 읽지 못했습니다.

2026-07-24 11:44:37 ☞ StartCamera2: 카메라 프레임을 읽지 못했습니다.

2026-07-24 11:44:37 ☞ StartCamera1: 카메라 프레임을 읽지 못했습니다.

2026-07-24 11:44:38 ☞ StartCamera2: 카메라 프레임을 읽지 못했습니다.

2026-07-24 11:44:38 ☞ StartCamera1: 카메라 프레임을 읽지 못했습니다.

2026-07-24 11:44:38 ☞ StartCamera2: 카메라 프레임을 읽지 못했습니다.

2026-07-24 11:44:38 ☞ StartCamera1: 카메라 프레임을 읽지 못했습니다.

2026-07-24 11:44:39 ☞ StartCamera2: 카메라 프레임을 읽지 못했습니다.

2026-07-24 11:44:39 ☞ StartCamera1: 카메라 프레임을 읽지 못했습니다.

2026-07-24 11:44:39 ☞ StartCamera2: 카메라 프레임을 읽지 못했습니다.

2026-07-24 11:44:39 ☞ StartCamera1: 카메라 프레임을 읽지 못했습니다.

2026-07-24 11:44:40 ☞ StartCamera2: 카메라 프레임을 읽지 못했습니다.

2026-07-24 11:44:40 ☞ StartCamera1: 카메라 프레임을 읽지 못했습니다.

2026-07-24 11:44:40 ☞ StartCamera2: 카메라 프레임을 읽지 못했습니다.

2026-07-24 11:44:40 ☞ StartCamera1: 카메라 프레임을 읽지 못했습니다.

2026-07-24 11:44:41 ☞ StartCamera2: 카메라 프레임을 읽지 못했습니다.

2026-07-24 11:44:41 ☞ StartCamera1: 카메라 프레임을 읽지 못했습니다.

2026-07-24 11:44:41 ☞ StartCamera2: 카메라 프레임을 읽지 못했습니다.

2026-07-24 11:44:41 ☞ StartCamera1: 카메라 프레임을 읽지 못했습니다.

2026-07-24 11:44:42 ☞ StartCamera2: 카메라 프레임을 읽지 못했습니다.

2026-07-24 11:44:42 ☞ StartCamera1: 카메라 프레임을 읽지 못했습니다.

2026-07-24 11:44:42 ☞ StartCamera2: 카메라 프레임을 읽지 못했습니다.

2026-07-24 11:44:42 ☞ StartCamera1: 카메라 프레임을 읽지 못했습니다.

2026-07-24 11:44:43 ☞ StartCamera2: 카메라 프레임을 읽지 못했습니다.

2026-07-24 11:44:43 ☞ StartCamera1: 카메라 프레임을 읽지 못했습니다.

2026-07-24 11:44:43 ☞ StartCamera2: 카메라 프레임을 읽지 못했습니다.

2026-07-24 11:44:43 ☞ StartCamera1: 카메라 프레임을 읽지 못했습니다.

2026-07-24 11:44:44 ☞ StartCamera2: 카메라 프레임을 읽지 못했습니다.

2026-07-24 11:44:44 ☞ StartCamera1: 카메라 프레임을 읽지 못했습니다.

2026-07-24 11:44:44 ☞ StartCamera2: 카메라 프레임을 읽지 못했습니다.

2026-07-24 11:44:44 ☞ StartCamera1: 카메라 프레임을 읽지 못했습니다.

2026-07-24 11:44:45 ☞ StartCamera2: 카메라 프레임을 읽지 못했습니다.

2026-07-24 11:44:45 ☞ StartCamera1: 카메라 프레임을 읽지 못했습니다.

2026-07-24 11:44:45 ☞ StartCamera2: 카메라 프레임을 읽지 못했습니다.

2026-07-24 11:44:45 ☞ StartCamera1: 카메라 프레임을 읽지 못했습니다.

2026-07-24 11:44:46 ☞ StartCamera2: 카메라 프레임을 읽지 못했습니다.

2026-07-24 11:44:46 ☞ StartCamera1: 카메라 프레임을 읽지 못했습니다.

2026-07-24 11:44:46 ☞ StartCamera2: 카메라 프레임을 읽지 못했습니다.

2026-07-24 11:44:46 ☞ StartCamera1: 카메라 프레임을 읽지 못했습니다.

2026-07-24 11:44:47 ☞ StartCamera2: 카메라 프레임을 읽지 못했습니다.

2026-07-24 11:44:47 ☞ StartCamera1: 카메라 프레임을 읽지 못했습니다.

2026-07-24 11:44:47 ☞ StartCamera2: 카메라 프레임을 읽지 못했습니다.

2026-07-24 11:44:47 ☞ StartCamera1: 카메라 프레임을 읽지 못했습니다.

2026-07-24 11:44:48 ☞ StartCamera2: 카메라 프레임을 읽지 못했습니다.

2026-07-24 11:44:48 ☞ StartCamera1: 카메라 프레임을 읽지 못했습니다.

2026-07-24 11:44:48 ☞ StartCamera2: 카메라 프레임을 읽지 못했습니다.

2026-07-24 11:44:48 ☞ StartCamera1: 카메라 프레임을 읽지 못했습니다.

2026-07-24 11:44:49 ☞ StartCamera2: 카메라 프레임을 읽지 못했습니다.

2026-07-24 11:44:49 ☞ StartCamera1: 카메라 프레임을 읽지 못했습니다.

2026-07-24 11:44:49 ☞ StartCamera2: 카메라 프레임을 읽지 못했습니다.

2026-07-24 11:44:49 ☞ StartCamera1: 카메라 프레임을 읽지 못했습니다.

2026-07-24 11:44:50 ☞ StartCamera2: 카메라 프레임을 읽지 못했습니다.

2026-07-24 11:44:50 ☞ StartCamera1: 카메라 프레임을 읽지 못했습니다.

2026-07-24 11:44:50 ☞ StartCamera2: 카메라 프레임을 읽지 못했습니다.

2026-07-24 11:44:50 ☞ StartCamera1: 카메라 프레임을 읽지 못했습니다.

2026-07-24 11:44:51 ☞ StartCamera2: 카메라 프레임을 읽지 못했습니다.

2026-07-24 11:44:51 ☞ StartCamera1: 카메라 프레임을 읽지 못했습니다.

2026-07-24 11:44:51 ☞ StartCamera2: 카메라 프레임을 읽지 못했습니다.

2026-07-24 11:44:51 ☞ StartCamera1: 카메라 프레임을 읽지 못했습니다.

2026-07-24 11:44:52 ☞ StartCamera2: 카메라 프레임을 읽지 못했습니다.

2026-07-24 11:44:52 ☞ StartCamera1: 카메라 프레임을 읽지 못했습니다.

2026-07-24 11:44:52 ☞ StartCamera2: 카메라 프레임을 읽지 못했습니다.

2026-07-24 11:44:52 ☞ StartCamera1: 카메라 프레임을 읽지 못했습니다.

2026-07-24 11:44:53 ☞ StartCamera2: 카메라 프레임을 읽지 못했습니다.

2026-07-24 11:44:53 ☞ StartCamera1: 카메라 프레임을 읽지 못했습니다.

2026-07-24 11:44:53 ☞ StartCamera2: 카메라 프레임을 읽지 못했습니다.

2026-07-24 11:44:53 ☞ StartCamera1: 카메라 프레임을 읽지 못했습니다.

2026-07-24 11:44:54 ☞ StartCamera2: 카메라 프레임을 읽지 못했습니다.

2026-07-24 11:44:54 ☞ StartCamera1: 카메라 프레임을 읽지 못했습니다.

2026-07-24 11:44:54 ☞ StartCamera2: 카메라 프레임을 읽지 못했습니다.

2026-07-24 11:44:54 ☞ StartCamera1: 카메라 프레임을 읽지 못했습니다.

2026-07-24 11:44:55 ☞ StartCamera2: 카메라 프레임을 읽지 못했습니다.

2026-07-24 11:44:55 ☞ StartCamera1: 카메라 프레임을 읽지 못했습니다.

2026-07-24 11:44:55 ☞ StartCamera2: 카메라 프레임을 읽지 못했습니다.

2026-07-24 11:44:55 ☞ StartCamera1: 카메라 프레임을 읽지 못했습니다.

2026-07-24 11:44:56 ☞ StartCamera2: 카메라 프레임을 읽지 못했습니다.

2026-07-24 11:44:56 ☞ StartCamera1: 카메라 프레임을 읽지 못했습니다.

2026-07-24 11:44:56 ☞ StartCamera2: 카메라 프레임을 읽지 못했습니다.

2026-07-24 11:44:56 ☞ StartCamera1: 카메라 프레임을 읽지 못했습니다.

2026-07-24 11:44:57 ☞ StartCamera2: 카메라 프레임을 읽지 못했습니다.

2026-07-24 11:44:57 ☞ StartCamera1: 카메라 프레임을 읽지 못했습니다.

2026-07-24 11:44:57 ☞ StartCamera2: 카메라 프레임을 읽지 못했습니다.

2026-07-24 11:44:58 ☞ StartCamera1: 카메라 프레임을 읽지 못했습니다.

2026-07-24 11:44:58 ☞ StartCamera2: 카메라 프레임을 읽지 못했습니다.

2026-07-24 11:44:58 ☞ StartCamera1: 카메라 프레임을 읽지 못했습니다.

2026-07-24 11:44:58 ☞ StartCamera2: 카메라 프레임을 읽지 못했습니다.

2026-07-24 11:44:59 ☞ StartCamera1: 카메라 프레임을 읽지 못했습니다.

2026-07-24 11:44:59 ☞ StartCamera2: 카메라 프레임을 읽지 못했습니다.

2026-07-24 11:44:59 ☞ StartCamera1: 카메라 프레임을 읽지 못했습니다.

2026-07-24 11:44:59 ☞ StartCamera2: 카메라 프레임을 읽지 못했습니다.

2026-07-24 11:45:00 ☞ StartCamera1: 카메라 프레임을 읽지 못했습니다.

2026-07-24 11:45:00 ☞ StartCamera2: 카메라 프레임을 읽지 못했습니다.

2026-07-24 11:45:00 ☞ StartCamera1: 카메라 프레임을 읽지 못했습니다.

2026-07-24 11:45:00 ☞ StartCamera2: 카메라 프레임을 읽지 못했습니다.

2026-07-24 11:45:01 ☞ StartCamera1: 카메라 프레임을 읽지 못했습니다.

2026-07-24 11:45:01 ☞ StartCamera2: 카메라 프레임을 읽지 못했습니다.

2026-07-24 11:45:01 ☞ StartCamera1: 카메라 프레임을 읽지 못했습니다.

2026-07-24 11:45:02 ☞ StartCamera2: 카메라 프레임을 읽지 못했습니다.

2026-07-24 11:45:02 ☞ StartCamera1: 카메라 프레임을 읽지 못했습니다.

2026-07-24 11:45:02 ☞ StartCamera2: 카메라 프레임을 읽지 못했습니다.

2026-07-24 11:45:02 ☞ StartCamera1: 카메라 프레임을 읽지 못했습니다.

2026-07-24 11:45:03 ☞ StartCamera2: 카메라 프레임을 읽지 못했습니다.

2026-07-24 11:45:03 ☞ StartCamera1: 카메라 프레임을 읽지 못했습니다.

2026-07-24 11:45:03 ☞ StartCamera2: 카메라 프레임을 읽지 못했습니다.

2026-07-24 11:45:03 ☞ StartCamera1: 카메라 프레임을 읽지 못했습니다.

2026-07-24 11:45:04 ☞ StartCamera2: 카메라 프레임을 읽지 못했습니다.

2026-07-24 11:45:04 ☞ StartCamera1: 카메라 프레임을 읽지 못했습니다.

2026-07-24 11:45:04 ☞ StartCamera2: 카메라 프레임을 읽지 못했습니다.

2026-07-24 11:45:04 ☞ StartCamera1: 카메라 프레임을 읽지 못했습니다.

2026-07-24 11:45:05 ☞ StartCamera2: 카메라 프레임을 읽지 못했습니다.

2026-07-24 11:45:05 ☞ StartCamera1: 카메라 프레임을 읽지 못했습니다.

2026-07-24 11:45:05 ☞ StartCamera2: 카메라 프레임을 읽지 못했습니다.

2026-07-24 11:45:05 ☞ StartCamera1: 카메라 프레임을 읽지 못했습니다.

2026-07-24 11:45:06 ☞ StartCamera2: 카메라 프레임을 읽지 못했습니다.

2026-07-24 11:45:06 ☞ StartCamera1: 카메라 프레임을 읽지 못했습니다.

2026-07-24 11:45:06 ☞ StartCamera2: 카메라 프레임을 읽지 못했습니다.

2026-07-24 11:45:06 ☞ StartCamera1: 카메라 프레임을 읽지 못했습니다.

2026-07-24 11:45:07 ☞ StartCamera2: 카메라 프레임을 읽지 못했습니다.

2026-07-24 11:45:07 ☞ StartCamera1: 카메라 프레임을 읽지 못했습니다.

2026-07-24 11:45:07 ☞ StartCamera2: 카메라 프레임을 읽지 못했습니다.

2026-07-24 11:45:07 ☞ StartCamera1: 카메라 프레임을 읽지 못했습니다.

2026-07-24 11:45:08 ☞ StartCamera2: 카메라 프레임을 읽지 못했습니다.

2026-07-24 11:45:08 ☞ StartCamera1: 카메라 프레임을 읽지 못했습니다.

2026-07-24 11:45:08 ☞ StartCamera2: 카메라 프레임을 읽지 못했습니다.

2026-07-24 11:45:08 ☞ StartCamera1: 카메라 프레임을 읽지 못했습니다.

2026-07-24 11:45:09 ☞ StartCamera2: 카메라 프레임을 읽지 못했습니다.

2026-07-24 11:45:09 ☞ StartCamera1: 카메라 프레임을 읽지 못했습니다.

2026-07-24 11:45:09 ☞ StartCamera2: 카메라 프레임을 읽지 못했습니다.

2026-07-24 11:45:09 ☞ StartCamera1: 카메라 프레임을 읽지 못했습니다.

2026-07-24 11:45:10 ☞ StartCamera2: 카메라 프레임을 읽지 못했습니다.

2026-07-24 11:45:10 ☞ StartCamera1: 카메라 프레임을 읽지 못했습니다.

2026-07-24 11:45:10 ☞ StartCamera2: 카메라 프레임을 읽지 못했습니다.

2026-07-24 11:45:10 ☞ StartCamera1: 카메라 프레임을 읽지 못했습니다.

2026-07-24 11:45:11 ☞ StartCamera2: 카메라 프레임을 읽지 못했습니다.

2026-07-24 11:45:11 ☞ StartCamera1: 카메라 프레임을 읽지 못했습니다.

2026-07-24 11:45:11 ☞ StartCamera2: 카메라 프레임을 읽지 못했습니다.

2026-07-24 11:45:11 ☞ StartCamera1: 카메라 프레임을 읽지 못했습니다.

2026-07-24 11:45:12 ☞ StartCamera2: 카메라 프레임을 읽지 못했습니다.

2026-07-24 11:45:12 ☞ StartCamera1: 카메라 프레임을 읽지 못했습니다.

2026-07-24 11:45:12 ☞ StartCamera2: 카메라 프레임을 읽지 못했습니다.

2026-07-24 11:45:12 ☞ StartCamera1: 카메라 프레임을 읽지 못했습니다.

2026-07-24 11:45:13 ☞ StartCamera2: 카메라 프레임을 읽지 못했습니다.

2026-07-24 11:45:13 ☞ StartCamera1: 카메라 프레임을 읽지 못했습니다.

2026-07-24 11:45:13 ☞ StartCamera2: 카메라 프레임을 읽지 못했습니다.

2026-07-24 11:45:13 ☞ StartCamera1: 카메라 프레임을 읽지 못했습니다.

2026-07-24 11:45:14 ☞ StartCamera2: 카메라 프레임을 읽지 못했습니다.

2026-07-24 11:45:14 ☞ StartCamera1: 카메라 프레임을 읽지 못했습니다.

2026-07-24 11:45:14 ☞ StartCamera2: 카메라 프레임을 읽지 못했습니다.

2026-07-24 11:45:14 ☞ StartCamera1: 카메라 프레임을 읽지 못했습니다.

2026-07-24 11:45:15 ☞ StartCamera2: 카메라 프레임을 읽지 못했습니다.

2026-07-24 11:45:15 ☞ StartCamera1: 카메라 프레임을 읽지 못했습니다.

2026-07-24 11:45:15 ☞ StartCamera2: 카메라 프레임을 읽지 못했습니다.

2026-07-24 11:45:15 ☞ StartCamera1: 카메라 프레임을 읽지 못했습니다.

2026-07-24 11:45:16 ☞ StartCamera2: 카메라 프레임을 읽지 못했습니다.

2026-07-24 11:45:16 ☞ StartCamera1: 카메라 프레임을 읽지 못했습니다.

2026-07-24 11:45:16 ☞ StartCamera2: 카메라 프레임을 읽지 못했습니다.

2026-07-24 11:45:16 ☞ StartCamera1: 카메라 프레임을 읽지 못했습니다.

2026-07-24 11:45:17 ☞ StartCamera2: 카메라 프레임을 읽지 못했습니다.

2026-07-24 11:45:17 ☞ StartCamera1: 카메라 프레임을 읽지 못했습니다.

2026-07-24 11:45:17 ☞ StartCamera2: 카메라 프레임을 읽지 못했습니다.

2026-07-24 11:45:17 ☞ StartCamera1: 카메라 프레임을 읽지 못했습니다.

2026-07-24 11:45:18 ☞ StartCamera2: 카메라 프레임을 읽지 못했습니다.

2026-07-24 11:45:18 ☞ StartCamera1: 카메라 프레임을 읽지 못했습니다.

2026-07-24 11:45:18 ☞ StartCamera2: 카메라 프레임을 읽지 못했습니다.

2026-07-24 11:45:18 ☞ StartCamera1: 카메라 프레임을 읽지 못했습니다.

2026-07-24 11:45:19 ☞ StartCamera2: 카메라 프레임을 읽지 못했습니다.

2026-07-24 11:45:19 ☞ StartCamera1: 카메라 프레임을 읽지 못했습니다.

2026-07-24 11:45:19 ☞ StartCamera2: 카메라 프레임을 읽지 못했습니다.

2026-07-24 11:45:19 ☞ StartCamera1: 카메라 프레임을 읽지 못했습니다.

2026-07-24 11:45:20 ☞ StartCamera2: 카메라 프레임을 읽지 못했습니다.

2026-07-24 11:45:20 ☞ StartCamera1: 카메라 프레임을 읽지 못했습니다.

2026-07-24 11:45:20 ☞ StartCamera2: 카메라 프레임을 읽지 못했습니다.

2026-07-24 11:45:20 ☞ StartCamera1: 카메라 프레임을 읽지 못했습니다.

2026-07-24 11:45:21 ☞ StartCamera2: 카메라 프레임을 읽지 못했습니다.

2026-07-24 11:45:21 ☞ StartCamera1: 카메라 프레임을 읽지 못했습니다.

2026-07-24 11:45:21 ☞ StartCamera2: 카메라 프레임을 읽지 못했습니다.

2026-07-24 11:45:22 ☞ StartCamera1: 카메라 프레임을 읽지 못했습니다.

2026-07-24 11:45:22 ☞ StartCamera2: 카메라 프레임을 읽지 못했습니다.

2026-07-24 11:45:22 ☞ StartCamera1: 카메라 프레임을 읽지 못했습니다.

2026-07-24 11:45:22 ☞ StartCamera2: 카메라 프레임을 읽지 못했습니다.

2026-07-24 11:45:23 ☞ StartCamera1: 카메라 프레임을 읽지 못했습니다.

2026-07-24 11:45:23 ☞ StartCamera2: 카메라 프레임을 읽지 못했습니다.

2026-07-24 11:45:23 ☞ StartCamera1: 카메라 프레임을 읽지 못했습니다.

2026-07-24 11:45:23 ☞ StartCamera2: 카메라 프레임을 읽지 못했습니다.

2026-07-24 11:45:24 ☞ StartCamera1: 카메라 프레임을 읽지 못했습니다.

2026-07-24 11:45:24 ☞ StartCamera2: 카메라 프레임을 읽지 못했습니다.

2026-07-24 11:45:24 ☞ StartCamera1: 카메라 프레임을 읽지 못했습니다.

2026-07-24 11:45:24 ☞ StartCamera2: 카메라 프레임을 읽지 못했습니다.

2026-07-24 11:45:25 ☞ StartCamera1: 카메라 프레임을 읽지 못했습니다.

2026-07-24 11:45:25 ☞ StartCamera2: 카메라 프레임을 읽지 못했습니다.

2026-07-24 11:45:25 ☞ StartCamera1: 카메라 프레임을 읽지 못했습니다.

2026-07-24 11:45:26 ☞ StartCamera2: 카메라 프레임을 읽지 못했습니다.

2026-07-24 11:45:26 ☞ StartCamera1: 카메라 프레임을 읽지 못했습니다.

2026-07-24 11:45:26 ☞ StartCamera2: 카메라 프레임을 읽지 못했습니다.

2026-07-24 11:45:26 ☞ StartCamera1: 카메라 프레임을 읽지 못했습니다.

2026-07-24 11:45:27 ☞ StartCamera2: 카메라 프레임을 읽지 못했습니다.

2026-07-24 11:45:27 ☞ StartCamera1: 카메라 프레임을 읽지 못했습니다.

2026-07-24 11:45:27 ☞ StartCamera2: 카메라 프레임을 읽지 못했습니다.

2026-07-24 11:45:27 ☞ StartCamera1: 카메라 프레임을 읽지 못했습니다.

2026-07-24 11:45:28 ☞ StartCamera2: 카메라 프레임을 읽지 못했습니다.

2026-07-24 11:45:28 ☞ StartCamera1: 카메라 프레임을 읽지 못했습니다.

2026-07-24 11:45:28 ☞ StartCamera2: 카메라 프레임을 읽지 못했습니다.

2026-07-24 11:45:28 ☞ StartCamera1: 카메라 프레임을 읽지 못했습니다.

2026-07-24 11:45:29 ☞ StartCamera2: 카메라 프레임을 읽지 못했습니다.

2026-07-24 11:45:29 ☞ StartCamera1: 카메라 프레임을 읽지 못했습니다.

2026-07-24 11:45:29 ☞ StartCamera2: 카메라 프레임을 읽지 못했습니다.

2026-07-24 11:45:29 ☞ StartCamera1: 카메라 프레임을 읽지 못했습니다.

2026-07-24 11:45:30 ☞ StartCamera2: 카메라 프레임을 읽지 못했습니다.

2026-07-24 11:45:30 ☞ StartCamera1: 카메라 프레임을 읽지 못했습니다.

2026-07-24 11:45:30 ☞ StartCamera2: 카메라 프레임을 읽지 못했습니다.

2026-07-24 11:45:30 ☞ StartCamera1: 카메라 프레임을 읽지 못했습니다.

2026-07-24 11:45:31 ☞ StartCamera2: 카메라 프레임을 읽지 못했습니다.

2026-07-24 11:45:31 ☞ StartCamera1: 카메라 프레임을 읽지 못했습니다.

2026-07-24 11:45:31 ☞ StartCamera2: 카메라 프레임을 읽지 못했습니다.

2026-07-24 11:45:31 ☞ StartCamera1: 카메라 프레임을 읽지 못했습니다.

2026-07-24 11:45:32 ☞ StartCamera2: 카메라 프레임을 읽지 못했습니다.

2026-07-24 11:45:32 ☞ StartCamera1: 카메라 프레임을 읽지 못했습니다.

2026-07-24 11:45:32 ☞ StartCamera2: 카메라 프레임을 읽지 못했습니다.

2026-07-24 11:45:32 ☞ StartCamera1: 카메라 프레임을 읽지 못했습니다.

2026-07-24 11:45:33 ☞ StartCamera2: 카메라 프레임을 읽지 못했습니다.

2026-07-24 11:45:33 ☞ StartCamera1: 카메라 프레임을 읽지 못했습니다.

2026-07-24 11:45:33 ☞ StartCamera2: 카메라 프레임을 읽지 못했습니다.

2026-07-24 11:45:33 ☞ StartCamera1: 카메라 프레임을 읽지 못했습니다.

2026-07-24 11:45:34 ☞ StartCamera2: 카메라 프레임을 읽지 못했습니다.

2026-07-24 11:45:34 ☞ StartCamera1: 카메라 프레임을 읽지 못했습니다.

2026-07-24 11:45:34 ☞ StartCamera2: 카메라 프레임을 읽지 못했습니다.

2026-07-24 11:45:34 ☞ StartCamera1: 카메라 프레임을 읽지 못했습니다.

2026-07-24 11:45:35 ☞ StartCamera2: 카메라 프레임을 읽지 못했습니다.

2026-07-24 11:45:35 ☞ StartCamera1: 카메라 프레임을 읽지 못했습니다.

2026-07-24 11:45:35 ☞ StartCamera2: 카메라 프레임을 읽지 못했습니다.

2026-07-24 11:45:35 ☞ StartCamera1: 카메라 프레임을 읽지 못했습니다.

2026-07-24 11:45:36 ☞ StartCamera2: 카메라 프레임을 읽지 못했습니다.

2026-07-24 11:45:36 ☞ StartCamera1: 카메라 프레임을 읽지 못했습니다.

2026-07-24 11:45:36 ☞ StartCamera2: 카메라 프레임을 읽지 못했습니다.

2026-07-24 11:45:36 ☞ StartCamera1: 카메라 프레임을 읽지 못했습니다.

2026-07-24 11:45:37 ☞ StartCamera2: 카메라 프레임을 읽지 못했습니다.

2026-07-24 11:45:37 ☞ StartCamera1: 카메라 프레임을 읽지 못했습니다.

2026-07-24 11:45:37 ☞ StartCamera2: 카메라 프레임을 읽지 못했습니다.

2026-07-24 11:45:37 ☞ StartCamera1: 카메라 프레임을 읽지 못했습니다.

2026-07-24 11:45:38 ☞ StartCamera2: 카메라 프레임을 읽지 못했습니다.

2026-07-24 11:45:38 ☞ StartCamera1: 카메라 프레임을 읽지 못했습니다.

2026-07-24 11:45:38 ☞ StartCamera2: 카메라 프레임을 읽지 못했습니다.

2026-07-24 11:45:38 ☞ StartCamera1: 카메라 프레임을 읽지 못했습니다.

2026-07-24 11:45:39 ☞ StartCamera2: 카메라 프레임을 읽지 못했습니다.

2026-07-24 11:45:39 ☞ StartCamera1: 카메라 프레임을 읽지 못했습니다.

2026-07-24 11:45:39 ☞ StartCamera2: 카메라 프레임을 읽지 못했습니다.

2026-07-24 11:45:39 ☞ StartCamera1: 카메라 프레임을 읽지 못했습니다.

2026-07-24 11:45:40 ☞ StartCamera2: 카메라 프레임을 읽지 못했습니다.

2026-07-24 11:45:40 ☞ StartCamera1: 카메라 프레임을 읽지 못했습니다.

2026-07-24 11:45:40 ☞ StartCamera2: 카메라 프레임을 읽지 못했습니다.

2026-07-24 11:45:40 ☞ StartCamera1: 카메라 프레임을 읽지 못했습니다.

2026-07-24 11:45:41 ☞ StartCamera2: 카메라 프레임을 읽지 못했습니다.

2026-07-24 11:45:41 ☞ StartCamera1: 카메라 프레임을 읽지 못했습니다.

2026-07-24 11:45:41 ☞ StartCamera2: 카메라 프레임을 읽지 못했습니다.

2026-07-24 11:45:41 ☞ StartCamera1: 카메라 프레임을 읽지 못했습니다.

2026-07-24 11:45:42 ☞ StartCamera2: 카메라 프레임을 읽지 못했습니다.

2026-07-24 11:45:42 ☞ StartCamera1: 카메라 프레임을 읽지 못했습니다.

2026-07-24 11:45:42 ☞ StartCamera2: 카메라 프레임을 읽지 못했습니다.

2026-07-24 11:45:42 ☞ StartCamera1: 카메라 프레임을 읽지 못했습니다.

2026-07-24 11:45:43 ☞ StartCamera2: 카메라 프레임을 읽지 못했습니다.

2026-07-24 11:45:43 ☞ StartCamera1: 카메라 프레임을 읽지 못했습니다.

2026-07-24 11:45:43 ☞ StartCamera2: 카메라 프레임을 읽지 못했습니다.

2026-07-24 11:45:43 ☞ StartCamera1: 카메라 프레임을 읽지 못했습니다.

2026-07-24 11:45:44 ☞ StartCamera2: 카메라 프레임을 읽지 못했습니다.

2026-07-24 11:45:44 ☞ StartCamera1: 카메라 프레임을 읽지 못했습니다.

2026-07-24 11:45:44 ☞ StartCamera2: 카메라 프레임을 읽지 못했습니다.

2026-07-24 11:45:44 ☞ StartCamera1: 카메라 프레임을 읽지 못했습니다.

2026-07-24 11:45:45 ☞ StartCamera2: 카메라 프레임을 읽지 못했습니다.

2026-07-24 11:45:45 ☞ StartCamera1: 카메라 프레임을 읽지 못했습니다.

2026-07-24 11:45:45 ☞ StartCamera2: 카메라 프레임을 읽지 못했습니다.

2026-07-24 11:45:46 ☞ StartCamera1: 카메라 프레임을 읽지 못했습니다.

2026-07-24 11:45:46 ☞ StartCamera2: 카메라 프레임을 읽지 못했습니다.

2026-07-24 11:45:46 ☞ StartCamera1: 카메라 프레임을 읽지 못했습니다.

2026-07-24 11:45:46 ☞ StartCamera2: 카메라 프레임을 읽지 못했습니다.

2026-07-24 11:45:47 ☞ StartCamera1: 카메라 프레임을 읽지 못했습니다.

2026-07-24 11:45:47 ☞ StartCamera2: 카메라 프레임을 읽지 못했습니다.

2026-07-24 11:45:47 ☞ StartCamera1: 카메라 프레임을 읽지 못했습니다.

2026-07-24 11:45:47 ☞ StartCamera2: 카메라 프레임을 읽지 못했습니다.

2026-07-24 11:45:48 ☞ StartCamera1: 카메라 프레임을 읽지 못했습니다.

2026-07-24 11:45:48 ☞ StartCamera2: 카메라 프레임을 읽지 못했습니다.

2026-07-24 11:45:48 ☞ StartCamera1: 카메라 프레임을 읽지 못했습니다.

2026-07-24 11:45:48 ☞ StartCamera2: 카메라 프레임을 읽지 못했습니다.

2026-07-24 11:45:49 ☞ StartCamera1: 카메라 프레임을 읽지 못했습니다.

2026-07-24 11:45:49 ☞ StartCamera2: 카메라 프레임을 읽지 못했습니다.

2026-07-24 11:45:49 ☞ StartCamera1: 카메라 프레임을 읽지 못했습니다.

2026-07-24 11:45:50 ☞ StartCamera2: 카메라 프레임을 읽지 못했습니다.

2026-07-24 11:45:50 ☞ StartCamera1: 카메라 프레임을 읽지 못했습니다.

2026-07-24 11:45:50 ☞ StartCamera2: 카메라 프레임을 읽지 못했습니다.

2026-07-24 11:45:50 ☞ StartCamera1: 카메라 프레임을 읽지 못했습니다.

2026-07-24 11:45:51 ☞ StartCamera2: 카메라 프레임을 읽지 못했습니다.

2026-07-24 11:45:51 ☞ StartCamera1: 카메라 프레임을 읽지 못했습니다.

2026-07-24 11:45:51 ☞ StartCamera2: 카메라 프레임을 읽지 못했습니다.

2026-07-24 11:45:51 ☞ StartCamera1: 카메라 프레임을 읽지 못했습니다.

2026-07-24 11:45:52 ☞ StartCamera2: 카메라 프레임을 읽지 못했습니다.

2026-07-24 11:45:52 ☞ StartCamera1: 카메라 프레임을 읽지 못했습니다.

2026-07-24 11:45:52 ☞ StartCamera2: 카메라 프레임을 읽지 못했습니다.

2026-07-24 11:45:52 ☞ StartCamera1: 카메라 프레임을 읽지 못했습니다.

2026-07-24 11:45:53 ☞ StartCamera2: 카메라 프레임을 읽지 못했습니다.

2026-07-24 11:45:53 ☞ StartCamera1: 카메라 프레임을 읽지 못했습니다.

2026-07-24 11:45:53 ☞ StartCamera2: 카메라 프레임을 읽지 못했습니다.

2026-07-24 11:45:53 ☞ StartCamera1: 카메라 프레임을 읽지 못했습니다.

2026-07-24 11:45:54 ☞ StartCamera2: 카메라 프레임을 읽지 못했습니다.

2026-07-24 11:45:54 ☞ StartCamera1: 카메라 프레임을 읽지 못했습니다.

2026-07-24 11:45:54 ☞ StartCamera2: 카메라 프레임을 읽지 못했습니다.

2026-07-24 11:45:54 ☞ StartCamera1: 카메라 프레임을 읽지 못했습니다.

2026-07-24 11:45:55 ☞ StartCamera2: 카메라 프레임을 읽지 못했습니다.

2026-07-24 11:45:55 ☞ StartCamera1: 카메라 프레임을 읽지 못했습니다.

2026-07-24 11:45:55 ☞ StartCamera2: 카메라 프레임을 읽지 못했습니다.

2026-07-24 11:45:55 ☞ StartCamera1: 카메라 프레임을 읽지 못했습니다.

2026-07-24 11:45:56 ☞ StartCamera2: 카메라 프레임을 읽지 못했습니다.

2026-07-24 11:45:56 ☞ StartCamera1: 카메라 프레임을 읽지 못했습니다.

2026-07-24 11:45:56 ☞ StartCamera2: 카메라 프레임을 읽지 못했습니다.

2026-07-24 11:45:56 ☞ StartCamera1: 카메라 프레임을 읽지 못했습니다.

2026-07-24 11:45:57 ☞ StartCamera2: 카메라 프레임을 읽지 못했습니다.

2026-07-24 11:45:57 ☞ StartCamera1: 카메라 프레임을 읽지 못했습니다.

2026-07-24 11:45:57 ☞ StartCamera2: 카메라 프레임을 읽지 못했습니다.

2026-07-24 11:45:57 ☞ StartCamera1: 카메라 프레임을 읽지 못했습니다.

2026-07-24 11:45:58 ☞ StartCamera2: 카메라 프레임을 읽지 못했습니다.

2026-07-24 11:45:58 ☞ StartCamera1: 카메라 프레임을 읽지 못했습니다.

2026-07-24 11:45:58 ☞ StartCamera2: 카메라 프레임을 읽지 못했습니다.

2026-07-24 11:45:58 ☞ StartCamera1: 카메라 프레임을 읽지 못했습니다.

2026-07-24 11:45:59 ☞ StartCamera2: 카메라 프레임을 읽지 못했습니다.

2026-07-24 11:45:59 ☞ StartCamera1: 카메라 프레임을 읽지 못했습니다.

2026-07-24 11:45:59 ☞ StartCamera2: 카메라 프레임을 읽지 못했습니다.

2026-07-24 11:45:59 ☞ StartCamera1: 카메라 프레임을 읽지 못했습니다.

2026-07-24 11:46:00 ☞ StartCamera2: 카메라 프레임을 읽지 못했습니다.

2026-07-24 11:46:00 ☞ StartCamera1: 카메라 프레임을 읽지 못했습니다.

2026-07-24 11:46:00 ☞ StartCamera2: 카메라 프레임을 읽지 못했습니다.

2026-07-24 11:46:00 ☞ StartCamera1: 카메라 프레임을 읽지 못했습니다.

2026-07-24 11:46:01 ☞ StartCamera2: 카메라 프레임을 읽지 못했습니다.

2026-07-24 11:46:01 ☞ StartCamera1: 카메라 프레임을 읽지 못했습니다.

2026-07-24 11:46:01 ☞ StartCamera2: 카메라 프레임을 읽지 못했습니다.

2026-07-24 11:46:01 ☞ StartCamera1: 카메라 프레임을 읽지 못했습니다.

2026-07-24 11:46:02 ☞ StartCamera2: 카메라 프레임을 읽지 못했습니다.

2026-07-24 11:46:02 ☞ StartCamera1: 카메라 프레임을 읽지 못했습니다.

2026-07-24 11:46:02 ☞ StartCamera2: 카메라 프레임을 읽지 못했습니다.

2026-07-24 11:46:02 ☞ StartCamera1: 카메라 프레임을 읽지 못했습니다.

2026-07-24 11:46:03 ☞ StartCamera2: 카메라 프레임을 읽지 못했습니다.

2026-07-24 11:46:03 ☞ StartCamera1: 카메라 프레임을 읽지 못했습니다.

2026-07-24 11:46:03 ☞ StartCamera2: 카메라 프레임을 읽지 못했습니다.

2026-07-24 11:46:03 ☞ StartCamera1: 카메라 프레임을 읽지 못했습니다.

2026-07-24 11:46:04 ☞ StartCamera2: 카메라 프레임을 읽지 못했습니다.

2026-07-24 11:46:04 ☞ StartCamera1: 카메라 프레임을 읽지 못했습니다.

2026-07-24 11:46:04 ☞ StartCamera2: 카메라 프레임을 읽지 못했습니다.

2026-07-24 11:46:04 ☞ StartCamera1: 카메라 프레임을 읽지 못했습니다.

2026-07-24 11:46:05 ☞ StartCamera2: 카메라 프레임을 읽지 못했습니다.

2026-07-24 11:46:05 ☞ StartCamera1: 카메라 프레임을 읽지 못했습니다.

2026-07-24 11:46:05 ☞ StartCamera2: 카메라 프레임을 읽지 못했습니다.

2026-07-24 11:46:05 ☞ StartCamera1: 카메라 프레임을 읽지 못했습니다.

2026-07-24 11:46:06 ☞ StartCamera2: 카메라 프레임을 읽지 못했습니다.

2026-07-24 11:46:06 ☞ StartCamera1: 카메라 프레임을 읽지 못했습니다.

2026-07-24 11:46:06 ☞ StartCamera2: 카메라 프레임을 읽지 못했습니다.

2026-07-24 11:46:06 ☞ StartCamera1: 카메라 프레임을 읽지 못했습니다.

2026-07-24 11:46:07 ☞ StartCamera2: 카메라 프레임을 읽지 못했습니다.

2026-07-24 11:46:07 ☞ StartCamera1: 카메라 프레임을 읽지 못했습니다.

2026-07-24 11:46:07 ☞ StartCamera2: 카메라 프레임을 읽지 못했습니다.

2026-07-24 11:46:07 ☞ StartCamera1: 카메라 프레임을 읽지 못했습니다.

2026-07-24 11:46:08 ☞ StartCamera2: 카메라 프레임을 읽지 못했습니다.

2026-07-24 11:46:08 ☞ StartCamera1: 카메라 프레임을 읽지 못했습니다.

2026-07-24 11:46:08 ☞ StartCamera2: 카메라 프레임을 읽지 못했습니다.

2026-07-24 11:46:08 ☞ StartCamera1: 카메라 프레임을 읽지 못했습니다.

2026-07-24 11:46:09 ☞ StartCamera2: 카메라 프레임을 읽지 못했습니다.

2026-07-24 11:46:09 ☞ StartCamera1: 카메라 프레임을 읽지 못했습니다.

2026-07-24 11:46:09 ☞ StartCamera2: 카메라 프레임을 읽지 못했습니다.

2026-07-24 11:46:10 ☞ StartCamera1: 카메라 프레임을 읽지 못했습니다.

2026-07-24 11:46:10 ☞ StartCamera2: 카메라 프레임을 읽지 못했습니다.

2026-07-24 11:46:10 ☞ StartCamera1: 카메라 프레임을 읽지 못했습니다.

2026-07-24 11:46:10 ☞ StartCamera2: 카메라 프레임을 읽지 못했습니다.

2026-07-24 11:46:11 ☞ StartCamera1: 카메라 프레임을 읽지 못했습니다.

2026-07-24 11:46:11 ☞ StartCamera2: 카메라 프레임을 읽지 못했습니다.

2026-07-24 11:46:11 ☞ StartCamera1: 카메라 프레임을 읽지 못했습니다.

2026-07-24 11:46:11 ☞ StartCamera2: 카메라 프레임을 읽지 못했습니다.

2026-07-24 11:46:12 ☞ StartCamera1: 카메라 프레임을 읽지 못했습니다.

2026-07-24 11:46:12 ☞ StartCamera2: 카메라 프레임을 읽지 못했습니다.

2026-07-24 11:46:12 ☞ StartCamera1: 카메라 프레임을 읽지 못했습니다.

2026-07-24 11:46:13 ☞ StartCamera2: 카메라 프레임을 읽지 못했습니다.

2026-07-24 11:46:13 ☞ StartCamera1: 카메라 프레임을 읽지 못했습니다.

2026-07-24 11:46:13 ☞ StartCamera2: 카메라 프레임을 읽지 못했습니다.

2026-07-24 11:46:13 ☞ StartCamera1: 카메라 프레임을 읽지 못했습니다.

2026-07-24 11:46:14 ☞ StartCamera2: 카메라 프레임을 읽지 못했습니다.

2026-07-24 11:46:14 ☞ StartCamera1: 카메라 프레임을 읽지 못했습니다.

2026-07-24 11:46:14 ☞ StartCamera2: 카메라 프레임을 읽지 못했습니다.

2026-07-24 11:46:14 ☞ StartCamera1: 카메라 프레임을 읽지 못했습니다.

2026-07-24 11:46:15 ☞ StartCamera2: 카메라 프레임을 읽지 못했습니다.

2026-07-24 11:46:15 ☞ StartCamera1: 카메라 프레임을 읽지 못했습니다.

2026-07-24 11:46:15 ☞ StartCamera2: 카메라 프레임을 읽지 못했습니다.

2026-07-24 11:46:15 ☞ StartCamera1: 카메라 프레임을 읽지 못했습니다.

2026-07-24 11:46:16 ☞ StartCamera2: 카메라 프레임을 읽지 못했습니다.

2026-07-24 11:46:16 ☞ StartCamera1: 카메라 프레임을 읽지 못했습니다.

2026-07-24 11:46:16 ☞ StartCamera2: 카메라 프레임을 읽지 못했습니다.

2026-07-24 11:46:16 ☞ StartCamera1: 카메라 프레임을 읽지 못했습니다.

2026-07-24 11:46:17 ☞ StartCamera2: 카메라 프레임을 읽지 못했습니다.

2026-07-24 11:46:17 ☞ StartCamera1: 카메라 프레임을 읽지 못했습니다.

2026-07-24 11:46:17 ☞ StartCamera2: 카메라 프레임을 읽지 못했습니다.

2026-07-24 11:46:17 ☞ StartCamera1: 카메라 프레임을 읽지 못했습니다.

2026-07-24 11:46:18 ☞ StartCamera2: 카메라 프레임을 읽지 못했습니다.

2026-07-24 11:46:18 ☞ StartCamera1: 카메라 프레임을 읽지 못했습니다.

2026-07-24 11:46:18 ☞ StartCamera2: 카메라 프레임을 읽지 못했습니다.

2026-07-24 11:46:18 ☞ StartCamera1: 카메라 프레임을 읽지 못했습니다.

2026-07-24 11:46:19 ☞ StartCamera2: 카메라 프레임을 읽지 못했습니다.

2026-07-24 11:46:19 ☞ StartCamera1: 카메라 프레임을 읽지 못했습니다.

2026-07-24 11:46:19 ☞ StartCamera2: 카메라 프레임을 읽지 못했습니다.

2026-07-24 11:46:19 ☞ StartCamera1: 카메라 프레임을 읽지 못했습니다.

2026-07-24 11:46:20 ☞ StartCamera2: 카메라 프레임을 읽지 못했습니다.

2026-07-24 11:46:20 ☞ StartCamera1: 카메라 프레임을 읽지 못했습니다.

2026-07-24 11:46:20 ☞ StartCamera2: 카메라 프레임을 읽지 못했습니다.

2026-07-24 11:46:20 ☞ StartCamera1: 카메라 프레임을 읽지 못했습니다.

2026-07-24 11:46:21 ☞ StartCamera2: 카메라 프레임을 읽지 못했습니다.

2026-07-24 11:46:21 ☞ StartCamera1: 카메라 프레임을 읽지 못했습니다.

2026-07-24 11:46:21 ☞ StartCamera2: 카메라 프레임을 읽지 못했습니다.

2026-07-24 11:46:21 ☞ StartCamera1: 카메라 프레임을 읽지 못했습니다.

2026-07-24 11:46:22 ☞ StartCamera2: 카메라 프레임을 읽지 못했습니다.

2026-07-24 11:46:22 ☞ StartCamera1: 카메라 프레임을 읽지 못했습니다.

2026-07-24 11:46:22 ☞ StartCamera2: 카메라 프레임을 읽지 못했습니다.

2026-07-24 11:46:22 ☞ StartCamera1: 카메라 프레임을 읽지 못했습니다.

2026-07-24 11:46:23 ☞ StartCamera2: 카메라 프레임을 읽지 못했습니다.

2026-07-24 11:46:23 ☞ StartCamera1: 카메라 프레임을 읽지 못했습니다.

2026-07-24 11:46:23 ☞ StartCamera2: 카메라 프레임을 읽지 못했습니다.

2026-07-24 11:46:23 ☞ StartCamera1: 카메라 프레임을 읽지 못했습니다.

2026-07-24 11:46:24 ☞ StartCamera2: 카메라 프레임을 읽지 못했습니다.

2026-07-24 11:46:24 ☞ StartCamera1: 카메라 프레임을 읽지 못했습니다.

2026-07-24 11:46:24 ☞ StartCamera2: 카메라 프레임을 읽지 못했습니다.

2026-07-24 11:46:24 ☞ StartCamera1: 카메라 프레임을 읽지 못했습니다.

2026-07-24 11:46:25 ☞ StartCamera2: 카메라 프레임을 읽지 못했습니다.

2026-07-24 11:46:25 ☞ StartCamera1: 카메라 프레임을 읽지 못했습니다.

2026-07-24 11:46:25 ☞ StartCamera2: 카메라 프레임을 읽지 못했습니다.

2026-07-24 11:46:25 ☞ StartCamera1: 카메라 프레임을 읽지 못했습니다.

2026-07-24 11:46:26 ☞ StartCamera2: 카메라 프레임을 읽지 못했습니다.

2026-07-24 11:46:26 ☞ StartCamera1: 카메라 프레임을 읽지 못했습니다.

2026-07-24 11:46:26 ☞ StartCamera2: 카메라 프레임을 읽지 못했습니다.

2026-07-24 11:46:26 ☞ StartCamera1: 카메라 프레임을 읽지 못했습니다.

2026-07-24 11:46:27 ☞ StartCamera2: 카메라 프레임을 읽지 못했습니다.

2026-07-24 11:46:27 ☞ StartCamera1: 카메라 프레임을 읽지 못했습니다.

2026-07-24 11:46:27 ☞ StartCamera2: 카메라 프레임을 읽지 못했습니다.

2026-07-24 11:46:27 ☞ StartCamera1: 카메라 프레임을 읽지 못했습니다.

2026-07-24 11:46:28 ☞ StartCamera2: 카메라 프레임을 읽지 못했습니다.

2026-07-24 11:46:28 ☞ StartCamera1: 카메라 프레임을 읽지 못했습니다.

2026-07-24 11:46:28 ☞ StartCamera2: 카메라 프레임을 읽지 못했습니다.

2026-07-24 11:46:28 ☞ StartCamera1: 카메라 프레임을 읽지 못했습니다.

2026-07-24 11:46:29 ☞ StartCamera2: 카메라 프레임을 읽지 못했습니다.

2026-07-24 11:46:29 ☞ StartCamera1: 카메라 프레임을 읽지 못했습니다.

2026-07-24 11:46:29 ☞ StartCamera2: 카메라 프레임을 읽지 못했습니다.

2026-07-24 11:46:29 ☞ StartCamera1: 카메라 프레임을 읽지 못했습니다.

2026-07-24 11:46:30 ☞ StartCamera2: 카메라 프레임을 읽지 못했습니다.

2026-07-24 11:46:30 ☞ StartCamera1: 카메라 프레임을 읽지 못했습니다.

2026-07-24 11:46:30 ☞ StartCamera2: 카메라 프레임을 읽지 못했습니다.

2026-07-24 11:46:30 ☞ StartCamera1: 카메라 프레임을 읽지 못했습니다.

2026-07-24 11:46:31 ☞ StartCamera2: 카메라 프레임을 읽지 못했습니다.

2026-07-24 11:46:31 ☞ StartCamera1: 카메라 프레임을 읽지 못했습니다.

2026-07-24 11:46:31 ☞ StartCamera2: 카메라 프레임을 읽지 못했습니다.

2026-07-24 11:46:31 ☞ StartCamera1: 카메라 프레임을 읽지 못했습니다.

2026-07-24 11:46:32 ☞ StartCamera2: 카메라 프레임을 읽지 못했습니다.

2026-07-24 11:46:32 ☞ StartCamera1: 카메라 프레임을 읽지 못했습니다.

2026-07-24 11:46:32 ☞ StartCamera2: 카메라 프레임을 읽지 못했습니다.

2026-07-24 11:46:32 ☞ StartCamera1: 카메라 프레임을 읽지 못했습니다.

2026-07-24 11:46:33 ☞ StartCamera2: 카메라 프레임을 읽지 못했습니다.

2026-07-24 11:46:33 ☞ StartCamera1: 카메라 프레임을 읽지 못했습니다.

2026-07-24 11:46:33 ☞ StartCamera2: 카메라 프레임을 읽지 못했습니다.

2026-07-24 11:46:34 ☞ StartCamera1: 카메라 프레임을 읽지 못했습니다.

2026-07-24 11:46:34 ☞ StartCamera2: 카메라 프레임을 읽지 못했습니다.

2026-07-24 11:46:34 ☞ StartCamera1: 카메라 프레임을 읽지 못했습니다.

2026-07-24 11:46:34 ☞ StartCamera2: 카메라 프레임을 읽지 못했습니다.

2026-07-24 11:46:35 ☞ StartCamera1: 카메라 프레임을 읽지 못했습니다.

2026-07-24 11:46:35 ☞ StartCamera2: 카메라 프레임을 읽지 못했습니다.

2026-07-24 11:46:35 ☞ StartCamera1: 카메라 프레임을 읽지 못했습니다.

2026-07-24 11:46:35 ☞ StartCamera2: 카메라 프레임을 읽지 못했습니다.

2026-07-24 11:46:36 ☞ StartCamera1: 카메라 프레임을 읽지 못했습니다.

2026-07-24 11:46:36 ☞ StartCamera2: 카메라 프레임을 읽지 못했습니다.

2026-07-24 11:46:36 ☞ StartCamera1: 카메라 프레임을 읽지 못했습니다.

2026-07-24 11:46:37 ☞ StartCamera2: 카메라 프레임을 읽지 못했습니다.

2026-07-24 11:46:37 ☞ StartCamera1: 카메라 프레임을 읽지 못했습니다.

2026-07-24 11:46:37 ☞ StartCamera2: 카메라 프레임을 읽지 못했습니다.

2026-07-24 11:46:37 ☞ StartCamera1: 카메라 프레임을 읽지 못했습니다.

2026-07-24 11:46:38 ☞ StartCamera2: 카메라 프레임을 읽지 못했습니다.

2026-07-24 11:46:38 ☞ StartCamera1: 카메라 프레임을 읽지 못했습니다.

2026-07-24 11:46:38 ☞ StartCamera2: 카메라 프레임을 읽지 못했습니다.

2026-07-24 11:46:38 ☞ StartCamera1: 카메라 프레임을 읽지 못했습니다.

2026-07-24 11:46:39 ☞ StartCamera2: 카메라 프레임을 읽지 못했습니다.

2026-07-24 11:46:39 ☞ StartCamera1: 카메라 프레임을 읽지 못했습니다.

2026-07-24 11:46:39 ☞ StartCamera2: 카메라 프레임을 읽지 못했습니다.

2026-07-24 11:46:39 ☞ StartCamera1: 카메라 프레임을 읽지 못했습니다.

2026-07-24 11:46:40 ☞ StartCamera2: 카메라 프레임을 읽지 못했습니다.

2026-07-24 11:46:40 ☞ StartCamera1: 카메라 프레임을 읽지 못했습니다.

2026-07-24 11:46:40 ☞ StartCamera2: 카메라 프레임을 읽지 못했습니다.

2026-07-24 11:46:40 ☞ StartCamera1: 카메라 프레임을 읽지 못했습니다.

2026-07-24 11:46:41 ☞ StartCamera2: 카메라 프레임을 읽지 못했습니다.

2026-07-24 11:46:41 ☞ StartCamera1: 카메라 프레임을 읽지 못했습니다.

2026-07-24 11:46:41 ☞ StartCamera2: 카메라 프레임을 읽지 못했습니다.

2026-07-24 11:46:41 ☞ StartCamera1: 카메라 프레임을 읽지 못했습니다.

2026-07-24 11:46:42 ☞ StartCamera2: 카메라 프레임을 읽지 못했습니다.

2026-07-24 11:46:42 ☞ StartCamera1: 카메라 프레임을 읽지 못했습니다.

2026-07-24 11:46:42 ☞ StartCamera2: 카메라 프레임을 읽지 못했습니다.

2026-07-24 11:46:42 ☞ StartCamera1: 카메라 프레임을 읽지 못했습니다.

2026-07-24 11:46:43 ☞ StartCamera2: 카메라 프레임을 읽지 못했습니다.

2026-07-24 11:46:43 ☞ StartCamera1: 카메라 프레임을 읽지 못했습니다.

2026-07-24 11:46:43 ☞ StartCamera2: 카메라 프레임을 읽지 못했습니다.

2026-07-24 11:46:43 ☞ StartCamera1: 카메라 프레임을 읽지 못했습니다.

2026-07-24 11:46:44 ☞ StartCamera2: 카메라 프레임을 읽지 못했습니다.

2026-07-24 11:46:44 ☞ StartCamera1: 카메라 프레임을 읽지 못했습니다.

2026-07-24 11:46:44 ☞ StartCamera2: 카메라 프레임을 읽지 못했습니다.

2026-07-24 11:46:44 ☞ StartCamera1: 카메라 프레임을 읽지 못했습니다.

2026-07-24 11:46:45 ☞ StartCamera2: 카메라 프레임을 읽지 못했습니다.

2026-07-24 11:46:45 ☞ StartCamera1: 카메라 프레임을 읽지 못했습니다.

2026-07-24 11:46:45 ☞ StartCamera2: 카메라 프레임을 읽지 못했습니다.

2026-07-24 11:46:45 ☞ StartCamera1: 카메라 프레임을 읽지 못했습니다.

2026-07-24 11:46:46 ☞ StartCamera2: 카메라 프레임을 읽지 못했습니다.

2026-07-24 11:46:46 ☞ StartCamera1: 카메라 프레임을 읽지 못했습니다.

2026-07-24 11:46:46 ☞ StartCamera2: 카메라 프레임을 읽지 못했습니다.

2026-07-24 11:46:46 ☞ StartCamera1: 카메라 프레임을 읽지 못했습니다.

2026-07-24 11:46:47 ☞ StartCamera2: 카메라 프레임을 읽지 못했습니다.

2026-07-24 11:46:47 ☞ StartCamera1: 카메라 프레임을 읽지 못했습니다.

2026-07-24 11:46:47 ☞ StartCamera2: 카메라 프레임을 읽지 못했습니다.

2026-07-24 11:46:47 ☞ StartCamera1: 카메라 프레임을 읽지 못했습니다.

2026-07-24 11:46:48 ☞ StartCamera2: 카메라 프레임을 읽지 못했습니다.

2026-07-24 11:46:48 ☞ StartCamera1: 카메라 프레임을 읽지 못했습니다.

2026-07-24 11:46:48 ☞ StartCamera2: 카메라 프레임을 읽지 못했습니다.

2026-07-24 11:46:48 ☞ StartCamera1: 카메라 프레임을 읽지 못했습니다.

2026-07-24 11:46:49 ☞ StartCamera2: 카메라 프레임을 읽지 못했습니다.

2026-07-24 11:46:49 ☞ StartCamera1: 카메라 프레임을 읽지 못했습니다.

2026-07-24 11:46:49 ☞ StartCamera2: 카메라 프레임을 읽지 못했습니다.

2026-07-24 11:46:49 ☞ StartCamera1: 카메라 프레임을 읽지 못했습니다.

2026-07-24 11:46:50 ☞ StartCamera2: 카메라 프레임을 읽지 못했습니다.

2026-07-24 11:46:50 ☞ StartCamera1: 카메라 프레임을 읽지 못했습니다.

2026-07-24 11:46:50 ☞ StartCamera2: 카메라 프레임을 읽지 못했습니다.

2026-07-24 11:46:50 ☞ StartCamera1: 카메라 프레임을 읽지 못했습니다.

2026-07-24 11:46:51 ☞ StartCamera2: 카메라 프레임을 읽지 못했습니다.

2026-07-24 11:46:51 ☞ StartCamera1: 카메라 프레임을 읽지 못했습니다.

2026-07-24 11:46:51 ☞ StartCamera2: 카메라 프레임을 읽지 못했습니다.

2026-07-24 11:46:51 ☞ StartCamera1: 카메라 프레임을 읽지 못했습니다.

2026-07-24 11:46:52 ☞ StartCamera2: 카메라 프레임을 읽지 못했습니다.

2026-07-24 11:46:52 ☞ StartCamera1: 카메라 프레임을 읽지 못했습니다.

2026-07-24 11:46:52 ☞ StartCamera2: 카메라 프레임을 읽지 못했습니다.

2026-07-24 11:46:52 ☞ StartCamera1: 카메라 프레임을 읽지 못했습니다.

2026-07-24 11:46:53 ☞ StartCamera2: 카메라 프레임을 읽지 못했습니다.

2026-07-24 11:46:53 ☞ StartCamera1: 카메라 프레임을 읽지 못했습니다.

2026-07-24 11:46:53 ☞ StartCamera2: 카메라 프레임을 읽지 못했습니다.

2026-07-24 11:46:53 ☞ StartCamera1: 카메라 프레임을 읽지 못했습니다.

2026-07-24 11:46:54 ☞ StartCamera2: 카메라 프레임을 읽지 못했습니다.

2026-07-24 11:46:54 ☞ StartCamera1: 카메라 프레임을 읽지 못했습니다.

2026-07-24 11:46:54 ☞ StartCamera2: 카메라 프레임을 읽지 못했습니다.

2026-07-24 11:46:54 ☞ StartCamera1: 카메라 프레임을 읽지 못했습니다.

2026-07-24 11:46:55 ☞ StartCamera2: 카메라 프레임을 읽지 못했습니다.

2026-07-24 11:46:55 ☞ StartCamera1: 카메라 프레임을 읽지 못했습니다.

2026-07-24 11:46:55 ☞ StartCamera2: 카메라 프레임을 읽지 못했습니다.

2026-07-24 11:46:55 ☞ StartCamera1: 카메라 프레임을 읽지 못했습니다.

2026-07-24 11:46:56 ☞ StartCamera2: 카메라 프레임을 읽지 못했습니다.

2026-07-24 11:46:56 ☞ StartCamera1: 카메라 프레임을 읽지 못했습니다.

2026-07-24 11:46:56 ☞ StartCamera2: 카메라 프레임을 읽지 못했습니다.

2026-07-24 11:46:56 ☞ StartCamera1: 카메라 프레임을 읽지 못했습니다.

2026-07-24 11:46:57 ☞ StartCamera2: 카메라 프레임을 읽지 못했습니다.

2026-07-24 11:46:57 ☞ StartCamera1: 카메라 프레임을 읽지 못했습니다.

2026-07-24 11:46:57 ☞ StartCamera2: 카메라 프레임을 읽지 못했습니다.

2026-07-24 11:46:58 ☞ StartCamera1: 카메라 프레임을 읽지 못했습니다.

2026-07-24 11:46:58 ☞ StartCamera2: 카메라 프레임을 읽지 못했습니다.

2026-07-24 11:46:58 ☞ StartCamera1: 카메라 프레임을 읽지 못했습니다.

2026-07-24 11:46:58 ☞ StartCamera2: 카메라 프레임을 읽지 못했습니다.

2026-07-24 11:46:59 ☞ StartCamera1: 카메라 프레임을 읽지 못했습니다.

2026-07-24 11:46:59 ☞ StartCamera2: 카메라 프레임을 읽지 못했습니다.

2026-07-24 11:46:59 ☞ StartCamera1: 카메라 프레임을 읽지 못했습니다.

2026-07-24 11:46:59 ☞ StartCamera2: 카메라 프레임을 읽지 못했습니다.

2026-07-24 11:47:00 ☞ StartCamera1: 카메라 프레임을 읽지 못했습니다.

2026-07-24 11:47:00 ☞ StartCamera2: 카메라 프레임을 읽지 못했습니다.

2026-07-24 11:47:00 ☞ StartCamera1: 카메라 프레임을 읽지 못했습니다.

2026-07-24 11:47:01 ☞ StartCamera2: 카메라 프레임을 읽지 못했습니다.

2026-07-24 11:47:01 ☞ StartCamera1: 카메라 프레임을 읽지 못했습니다.

2026-07-24 11:47:01 ☞ StartCamera2: 카메라 프레임을 읽지 못했습니다.

2026-07-24 11:47:01 ☞ StartCamera1: 카메라 프레임을 읽지 못했습니다.

2026-07-24 11:47:02 ☞ StartCamera2: 카메라 프레임을 읽지 못했습니다.

2026-07-24 11:47:02 ☞ StartCamera1: 카메라 프레임을 읽지 못했습니다.

2026-07-24 11:47:02 ☞ StartCamera2: 카메라 프레임을 읽지 못했습니다.

2026-07-24 11:47:02 ☞ StartCamera1: 카메라 프레임을 읽지 못했습니다.

2026-07-24 11:47:03 ☞ StartCamera2: 카메라 프레임을 읽지 못했습니다.

2026-07-24 11:47:03 ☞ StartCamera1: 카메라 프레임을 읽지 못했습니다.

2026-07-24 11:47:03 ☞ StartCamera2: 카메라 프레임을 읽지 못했습니다.

2026-07-24 11:47:03 ☞ StartCamera1: 카메라 프레임을 읽지 못했습니다.

2026-07-24 11:47:04 ☞ StartCamera2: 카메라 프레임을 읽지 못했습니다.

2026-07-24 11:47:04 ☞ StartCamera1: 카메라 프레임을 읽지 못했습니다.

2026-07-24 11:47:04 ☞ StartCamera2: 카메라 프레임을 읽지 못했습니다.

2026-07-24 11:47:04 ☞ StartCamera1: 카메라 프레임을 읽지 못했습니다.

2026-07-24 11:47:05 ☞ StartCamera2: 카메라 프레임을 읽지 못했습니다.

2026-07-24 11:47:05 ☞ StartCamera1: 카메라 프레임을 읽지 못했습니다.

2026-07-24 11:47:05 ☞ StartCamera2: 카메라 프레임을 읽지 못했습니다.

2026-07-24 11:47:05 ☞ StartCamera1: 카메라 프레임을 읽지 못했습니다.

2026-07-24 11:47:06 ☞ StartCamera2: 카메라 프레임을 읽지 못했습니다.

2026-07-24 11:47:06 ☞ StartCamera1: 카메라 프레임을 읽지 못했습니다.

2026-07-24 11:47:06 ☞ StartCamera2: 카메라 프레임을 읽지 못했습니다.

2026-07-24 11:47:06 ☞ StartCamera1: 카메라 프레임을 읽지 못했습니다.

2026-07-24 11:47:07 ☞ StartCamera2: 카메라 프레임을 읽지 못했습니다.

2026-07-24 11:47:07 ☞ StartCamera1: 카메라 프레임을 읽지 못했습니다.

2026-07-24 11:47:07 ☞ StartCamera2: 카메라 프레임을 읽지 못했습니다.

2026-07-24 11:47:07 ☞ StartCamera1: 카메라 프레임을 읽지 못했습니다.

2026-07-24 11:47:08 ☞ StartCamera2: 카메라 프레임을 읽지 못했습니다.

2026-07-24 11:47:08 ☞ StartCamera1: 카메라 프레임을 읽지 못했습니다.

2026-07-24 11:47:08 ☞ StartCamera2: 카메라 프레임을 읽지 못했습니다.

2026-07-24 11:47:08 ☞ StartCamera1: 카메라 프레임을 읽지 못했습니다.

2026-07-24 11:47:09 ☞ StartCamera2: 카메라 프레임을 읽지 못했습니다.

2026-07-24 11:47:09 ☞ StartCamera1: 카메라 프레임을 읽지 못했습니다.

2026-07-24 11:47:09 ☞ StartCamera2: 카메라 프레임을 읽지 못했습니다.

2026-07-24 11:47:09 ☞ StartCamera1: 카메라 프레임을 읽지 못했습니다.

2026-07-24 11:47:10 ☞ StartCamera2: 카메라 프레임을 읽지 못했습니다.

2026-07-24 11:47:10 ☞ StartCamera1: 카메라 프레임을 읽지 못했습니다.

2026-07-24 11:47:10 ☞ StartCamera2: 카메라 프레임을 읽지 못했습니다.

2026-07-24 11:47:10 ☞ StartCamera1: 카메라 프레임을 읽지 못했습니다.

2026-07-24 11:47:11 ☞ StartCamera2: 카메라 프레임을 읽지 못했습니다.

2026-07-24 11:47:11 ☞ StartCamera1: 카메라 프레임을 읽지 못했습니다.

2026-07-24 11:47:11 ☞ StartCamera2: 카메라 프레임을 읽지 못했습니다.

2026-07-24 11:47:11 ☞ StartCamera1: 카메라 프레임을 읽지 못했습니다.

2026-07-24 11:47:12 ☞ StartCamera2: 카메라 프레임을 읽지 못했습니다.

2026-07-24 11:47:12 ☞ StartCamera1: 카메라 프레임을 읽지 못했습니다.

2026-07-24 11:47:12 ☞ StartCamera2: 카메라 프레임을 읽지 못했습니다.

2026-07-24 11:47:12 ☞ StartCamera1: 카메라 프레임을 읽지 못했습니다.

2026-07-24 11:47:13 ☞ StartCamera2: 카메라 프레임을 읽지 못했습니다.

2026-07-24 11:47:13 ☞ StartCamera1: 카메라 프레임을 읽지 못했습니다.

2026-07-24 11:47:13 ☞ StartCamera2: 카메라 프레임을 읽지 못했습니다.

2026-07-24 11:47:13 ☞ StartCamera1: 카메라 프레임을 읽지 못했습니다.

2026-07-24 11:47:14 ☞ StartCamera2: 카메라 프레임을 읽지 못했습니다.

2026-07-24 11:47:14 ☞ StartCamera1: 카메라 프레임을 읽지 못했습니다.

2026-07-24 11:47:14 ☞ StartCamera2: 카메라 프레임을 읽지 못했습니다.

2026-07-24 11:47:14 ☞ StartCamera1: 카메라 프레임을 읽지 못했습니다.

2026-07-24 11:47:15 ☞ StartCamera2: 카메라 프레임을 읽지 못했습니다.

2026-07-24 11:47:15 ☞ StartCamera1: 카메라 프레임을 읽지 못했습니다.

2026-07-24 11:47:15 ☞ StartCamera2: 카메라 프레임을 읽지 못했습니다.

2026-07-24 11:47:15 ☞ StartCamera1: 카메라 프레임을 읽지 못했습니다.

2026-07-24 11:47:16 ☞ StartCamera2: 카메라 프레임을 읽지 못했습니다.

2026-07-24 11:47:16 ☞ StartCamera1: 카메라 프레임을 읽지 못했습니다.

2026-07-24 11:47:16 ☞ StartCamera2: 카메라 프레임을 읽지 못했습니다.

2026-07-24 11:47:16 ☞ StartCamera1: 카메라 프레임을 읽지 못했습니다.

2026-07-24 11:47:17 ☞ StartCamera2: 카메라 프레임을 읽지 못했습니다.

2026-07-24 11:47:17 ☞ StartCamera1: 카메라 프레임을 읽지 못했습니다.

2026-07-24 11:47:17 ☞ StartCamera2: 카메라 프레임을 읽지 못했습니다.

2026-07-24 11:47:17 ☞ StartCamera1: 카메라 프레임을 읽지 못했습니다.

2026-07-24 11:47:18 ☞ StartCamera2: 카메라 프레임을 읽지 못했습니다.

2026-07-24 11:47:18 ☞ StartCamera1: 카메라 프레임을 읽지 못했습니다.

2026-07-24 11:47:18 ☞ StartCamera2: 카메라 프레임을 읽지 못했습니다.

2026-07-24 11:47:18 ☞ StartCamera1: 카메라 프레임을 읽지 못했습니다.

2026-07-24 11:47:19 ☞ StartCamera2: 카메라 프레임을 읽지 못했습니다.

2026-07-24 11:47:19 ☞ StartCamera1: 카메라 프레임을 읽지 못했습니다.

2026-07-24 11:47:19 ☞ StartCamera2: 카메라 프레임을 읽지 못했습니다.

2026-07-24 11:47:19 ☞ StartCamera1: 카메라 프레임을 읽지 못했습니다.

2026-07-24 11:47:20 ☞ StartCamera2: 카메라 프레임을 읽지 못했습니다.

2026-07-24 11:47:20 ☞ StartCamera1: 카메라 프레임을 읽지 못했습니다.

2026-07-24 11:47:20 ☞ StartCamera2: 카메라 프레임을 읽지 못했습니다.

2026-07-24 11:47:20 ☞ StartCamera1: 카메라 프레임을 읽지 못했습니다.

2026-07-24 11:47:21 ☞ StartCamera2: 카메라 프레임을 읽지 못했습니다.

2026-07-24 11:47:21 ☞ StartCamera1: 카메라 프레임을 읽지 못했습니다.

2026-07-24 11:47:21 ☞ StartCamera2: 카메라 프레임을 읽지 못했습니다.

2026-07-24 11:47:22 ☞ StartCamera1: 카메라 프레임을 읽지 못했습니다.

2026-07-24 11:47:22 ☞ StartCamera2: 카메라 프레임을 읽지 못했습니다.

2026-07-24 11:47:22 ☞ StartCamera1: 카메라 프레임을 읽지 못했습니다.

2026-07-24 11:47:22 ☞ StartCamera2: 카메라 프레임을 읽지 못했습니다.

2026-07-24 11:47:23 ☞ StartCamera1: 카메라 프레임을 읽지 못했습니다.

2026-07-24 11:47:23 ☞ StartCamera2: 카메라 프레임을 읽지 못했습니다.

2026-07-24 11:47:23 ☞ StartCamera1: 카메라 프레임을 읽지 못했습니다.

2026-07-24 11:47:23 ☞ StartCamera2: 카메라 프레임을 읽지 못했습니다.

2026-07-24 11:47:24 ☞ StartCamera1: 카메라 프레임을 읽지 못했습니다.

2026-07-24 11:47:24 ☞ StartCamera2: 카메라 프레임을 읽지 못했습니다.

2026-07-24 11:47:24 ☞ StartCamera1: 카메라 프레임을 읽지 못했습니다.

2026-07-24 11:47:25 ☞ StartCamera2: 카메라 프레임을 읽지 못했습니다.

2026-07-24 11:47:25 ☞ StartCamera1: 카메라 프레임을 읽지 못했습니다.

2026-07-24 11:47:25 ☞ StartCamera2: 카메라 프레임을 읽지 못했습니다.

2026-07-24 11:47:25 ☞ StartCamera1: 카메라 프레임을 읽지 못했습니다.

2026-07-24 11:47:26 ☞ StartCamera2: 카메라 프레임을 읽지 못했습니다.

2026-07-24 11:47:26 ☞ StartCamera1: 카메라 프레임을 읽지 못했습니다.

2026-07-24 11:47:26 ☞ StartCamera2: 카메라 프레임을 읽지 못했습니다.

2026-07-24 11:47:26 ☞ StartCamera1: 카메라 프레임을 읽지 못했습니다.

2026-07-24 11:47:27 ☞ StartCamera2: 카메라 프레임을 읽지 못했습니다.

2026-07-24 11:47:27 ☞ StartCamera1: 카메라 프레임을 읽지 못했습니다.

2026-07-24 11:47:27 ☞ StartCamera2: 카메라 프레임을 읽지 못했습니다.

2026-07-24 11:47:27 ☞ StartCamera1: 카메라 프레임을 읽지 못했습니다.

2026-07-24 11:47:28 ☞ StartCamera2: 카메라 프레임을 읽지 못했습니다.

2026-07-24 11:47:28 ☞ StartCamera1: 카메라 프레임을 읽지 못했습니다.

2026-07-24 11:47:28 ☞ StartCamera2: 카메라 프레임을 읽지 못했습니다.

2026-07-24 11:47:28 ☞ StartCamera1: 카메라 프레임을 읽지 못했습니다.

2026-07-24 11:47:29 ☞ StartCamera2: 카메라 프레임을 읽지 못했습니다.

2026-07-24 11:47:29 ☞ StartCamera1: 카메라 프레임을 읽지 못했습니다.

2026-07-24 11:47:29 ☞ StartCamera2: 카메라 프레임을 읽지 못했습니다.

2026-07-24 11:47:29 ☞ StartCamera1: 카메라 프레임을 읽지 못했습니다.

2026-07-24 11:47:30 ☞ StartCamera2: 카메라 프레임을 읽지 못했습니다.

2026-07-24 11:47:30 ☞ StartCamera1: 카메라 프레임을 읽지 못했습니다.

2026-07-24 11:47:30 ☞ StartCamera2: 카메라 프레임을 읽지 못했습니다.

2026-07-24 11:47:30 ☞ StartCamera1: 카메라 프레임을 읽지 못했습니다.

2026-07-24 11:47:31 ☞ StartCamera2: 카메라 프레임을 읽지 못했습니다.

2026-07-24 11:47:31 ☞ StartCamera1: 카메라 프레임을 읽지 못했습니다.

2026-07-24 11:47:31 ☞ StartCamera2: 카메라 프레임을 읽지 못했습니다.

2026-07-24 11:47:31 ☞ StartCamera1: 카메라 프레임을 읽지 못했습니다.

2026-07-24 11:47:32 ☞ StartCamera2: 카메라 프레임을 읽지 못했습니다.

2026-07-24 11:47:32 ☞ StartCamera1: 카메라 프레임을 읽지 못했습니다.

2026-07-24 11:47:32 ☞ StartCamera2: 카메라 프레임을 읽지 못했습니다.

2026-07-24 11:47:32 ☞ StartCamera1: 카메라 프레임을 읽지 못했습니다.

2026-07-24 11:47:33 ☞ StartCamera2: 카메라 프레임을 읽지 못했습니다.

2026-07-24 11:47:33 ☞ StartCamera1: 카메라 프레임을 읽지 못했습니다.

2026-07-24 11:47:33 ☞ StartCamera2: 카메라 프레임을 읽지 못했습니다.

2026-07-24 11:47:33 ☞ StartCamera1: 카메라 프레임을 읽지 못했습니다.

2026-07-24 11:47:34 ☞ StartCamera2: 카메라 프레임을 읽지 못했습니다.

2026-07-24 11:47:34 ☞ StartCamera1: 카메라 프레임을 읽지 못했습니다.

2026-07-24 11:47:34 ☞ StartCamera2: 카메라 프레임을 읽지 못했습니다.

2026-07-24 11:47:34 ☞ StartCamera1: 카메라 프레임을 읽지 못했습니다.

2026-07-24 11:47:35 ☞ StartCamera2: 카메라 프레임을 읽지 못했습니다.

2026-07-24 11:47:35 ☞ StartCamera1: 카메라 프레임을 읽지 못했습니다.

2026-07-24 11:47:35 ☞ StartCamera2: 카메라 프레임을 읽지 못했습니다.

2026-07-24 11:47:35 ☞ StartCamera1: 카메라 프레임을 읽지 못했습니다.

2026-07-24 11:47:36 ☞ StartCamera2: 카메라 프레임을 읽지 못했습니다.

2026-07-24 11:47:36 ☞ StartCamera1: 카메라 프레임을 읽지 못했습니다.

2026-07-24 11:47:36 ☞ StartCamera2: 카메라 프레임을 읽지 못했습니다.

2026-07-24 11:47:36 ☞ StartCamera1: 카메라 프레임을 읽지 못했습니다.

2026-07-24 11:47:37 ☞ StartCamera2: 카메라 프레임을 읽지 못했습니다.

2026-07-24 11:47:37 ☞ StartCamera1: 카메라 프레임을 읽지 못했습니다.

2026-07-24 11:47:37 ☞ StartCamera2: 카메라 프레임을 읽지 못했습니다.

2026-07-24 11:47:37 ☞ StartCamera1: 카메라 프레임을 읽지 못했습니다.

2026-07-24 11:47:38 ☞ StartCamera2: 카메라 프레임을 읽지 못했습니다.

2026-07-24 11:47:38 ☞ StartCamera1: 카메라 프레임을 읽지 못했습니다.

2026-07-24 11:47:38 ☞ StartCamera2: 카메라 프레임을 읽지 못했습니다.

2026-07-24 11:47:38 ☞ StartCamera1: 카메라 프레임을 읽지 못했습니다.

2026-07-24 11:47:39 ☞ StartCamera2: 카메라 프레임을 읽지 못했습니다.

2026-07-24 11:47:39 ☞ StartCamera1: 카메라 프레임을 읽지 못했습니다.

2026-07-24 11:47:39 ☞ StartCamera2: 카메라 프레임을 읽지 못했습니다.

2026-07-24 11:47:39 ☞ StartCamera1: 카메라 프레임을 읽지 못했습니다.

2026-07-24 11:47:40 ☞ StartCamera2: 카메라 프레임을 읽지 못했습니다.

2026-07-24 11:47:40 ☞ StartCamera1: 카메라 프레임을 읽지 못했습니다.

2026-07-24 11:47:40 ☞ StartCamera2: 카메라 프레임을 읽지 못했습니다.

2026-07-24 11:47:40 ☞ StartCamera1: 카메라 프레임을 읽지 못했습니다.

2026-07-24 11:47:41 ☞ StartCamera2: 카메라 프레임을 읽지 못했습니다.

2026-07-24 11:47:41 ☞ StartCamera1: 카메라 프레임을 읽지 못했습니다.

2026-07-24 11:47:41 ☞ StartCamera2: 카메라 프레임을 읽지 못했습니다.

2026-07-24 11:47:41 ☞ StartCamera1: 카메라 프레임을 읽지 못했습니다.

2026-07-24 11:47:42 ☞ StartCamera2: 카메라 프레임을 읽지 못했습니다.

2026-07-24 11:47:42 ☞ StartCamera1: 카메라 프레임을 읽지 못했습니다.

2026-07-24 11:47:42 ☞ StartCamera2: 카메라 프레임을 읽지 못했습니다.

2026-07-24 11:47:42 ☞ StartCamera1: 카메라 프레임을 읽지 못했습니다.

2026-07-24 11:47:43 ☞ StartCamera2: 카메라 프레임을 읽지 못했습니다.

2026-07-24 11:47:43 ☞ StartCamera1: 카메라 프레임을 읽지 못했습니다.

2026-07-24 11:47:43 ☞ StartCamera2: 카메라 프레임을 읽지 못했습니다.

2026-07-24 11:47:43 ☞ StartCamera1: 카메라 프레임을 읽지 못했습니다.

2026-07-24 11:47:44 ☞ StartCamera2: 카메라 프레임을 읽지 못했습니다.

2026-07-24 11:47:44 ☞ StartCamera1: 카메라 프레임을 읽지 못했습니다.

2026-07-24 11:47:44 ☞ StartCamera2: 카메라 프레임을 읽지 못했습니다.

2026-07-24 11:47:45 ☞ StartCamera1: 카메라 프레임을 읽지 못했습니다.

2026-07-24 11:47:45 ☞ StartCamera2: 카메라 프레임을 읽지 못했습니다.

2026-07-24 11:47:45 ☞ StartCamera1: 카메라 프레임을 읽지 못했습니다.

2026-07-24 11:47:45 ☞ StartCamera2: 카메라 프레임을 읽지 못했습니다.

2026-07-24 11:47:46 ☞ StartCamera1: 카메라 프레임을 읽지 못했습니다.

2026-07-24 11:47:46 ☞ StartCamera2: 카메라 프레임을 읽지 못했습니다.

2026-07-24 11:47:46 ☞ StartCamera1: 카메라 프레임을 읽지 못했습니다.

2026-07-24 11:47:46 ☞ StartCamera2: 카메라 프레임을 읽지 못했습니다.

2026-07-24 11:47:47 ☞ StartCamera1: 카메라 프레임을 읽지 못했습니다.

2026-07-24 11:47:47 ☞ StartCamera2: 카메라 프레임을 읽지 못했습니다.

2026-07-24 11:47:47 ☞ StartCamera1: 카메라 프레임을 읽지 못했습니다.

2026-07-24 11:47:47 ☞ StartCamera2: 카메라 프레임을 읽지 못했습니다.

2026-07-24 11:47:48 ☞ StartCamera1: 카메라 프레임을 읽지 못했습니다.

2026-07-24 11:47:48 ☞ StartCamera2: 카메라 프레임을 읽지 못했습니다.

2026-07-24 11:47:48 ☞ StartCamera1: 카메라 프레임을 읽지 못했습니다.

2026-07-24 11:47:49 ☞ StartCamera2: 카메라 프레임을 읽지 못했습니다.

2026-07-24 11:47:49 ☞ StartCamera1: 카메라 프레임을 읽지 못했습니다.

2026-07-24 11:47:49 ☞ StartCamera2: 카메라 프레임을 읽지 못했습니다.

2026-07-24 11:47:49 ☞ StartCamera1: 카메라 프레임을 읽지 못했습니다.

2026-07-24 11:47:50 ☞ StartCamera2: 카메라 프레임을 읽지 못했습니다.

2026-07-24 11:47:50 ☞ StartCamera1: 카메라 프레임을 읽지 못했습니다.

2026-07-24 11:47:50 ☞ StartCamera2: 카메라 프레임을 읽지 못했습니다.

2026-07-24 11:47:50 ☞ StartCamera1: 카메라 프레임을 읽지 못했습니다.

2026-07-24 11:47:51 ☞ StartCamera2: 카메라 프레임을 읽지 못했습니다.

2026-07-24 11:47:51 ☞ StartCamera1: 카메라 프레임을 읽지 못했습니다.

2026-07-24 11:47:51 ☞ StartCamera2: 카메라 프레임을 읽지 못했습니다.

2026-07-24 11:47:51 ☞ StartCamera1: 카메라 프레임을 읽지 못했습니다.

2026-07-24 11:47:52 ☞ StartCamera2: 카메라 프레임을 읽지 못했습니다.

2026-07-24 11:47:52 ☞ StartCamera1: 카메라 프레임을 읽지 못했습니다.

2026-07-24 11:47:52 ☞ StartCamera2: 카메라 프레임을 읽지 못했습니다.

2026-07-24 11:47:52 ☞ StartCamera1: 카메라 프레임을 읽지 못했습니다.

2026-07-24 11:47:53 ☞ StartCamera2: 카메라 프레임을 읽지 못했습니다.

2026-07-24 11:47:53 ☞ StartCamera1: 카메라 프레임을 읽지 못했습니다.

2026-07-24 11:47:53 ☞ StartCamera2: 카메라 프레임을 읽지 못했습니다.

2026-07-24 11:47:53 ☞ StartCamera1: 카메라 프레임을 읽지 못했습니다.

2026-07-24 11:47:54 ☞ StartCamera2: 카메라 프레임을 읽지 못했습니다.

2026-07-24 11:47:54 ☞ StartCamera1: 카메라 프레임을 읽지 못했습니다.

2026-07-24 11:47:54 ☞ StartCamera2: 카메라 프레임을 읽지 못했습니다.

2026-07-24 11:47:54 ☞ StartCamera1: 카메라 프레임을 읽지 못했습니다.

2026-07-24 11:47:55 ☞ StartCamera2: 카메라 프레임을 읽지 못했습니다.

2026-07-24 11:47:55 ☞ StartCamera1: 카메라 프레임을 읽지 못했습니다.

2026-07-24 11:47:55 ☞ StartCamera2: 카메라 프레임을 읽지 못했습니다.

2026-07-24 11:47:55 ☞ StartCamera1: 카메라 프레임을 읽지 못했습니다.

2026-07-24 11:47:56 ☞ StartCamera2: 카메라 프레임을 읽지 못했습니다.

2026-07-24 11:47:56 ☞ StartCamera1: 카메라 프레임을 읽지 못했습니다.

2026-07-24 11:47:56 ☞ StartCamera2: 카메라 프레임을 읽지 못했습니다.

2026-07-24 11:47:56 ☞ StartCamera1: 카메라 프레임을 읽지 못했습니다.

2026-07-24 11:47:57 ☞ StartCamera2: 카메라 프레임을 읽지 못했습니다.

2026-07-24 11:47:57 ☞ StartCamera1: 카메라 프레임을 읽지 못했습니다.

2026-07-24 11:47:57 ☞ StartCamera2: 카메라 프레임을 읽지 못했습니다.

2026-07-24 11:47:57 ☞ StartCamera1: 카메라 프레임을 읽지 못했습니다.

2026-07-24 11:47:58 ☞ StartCamera2: 카메라 프레임을 읽지 못했습니다.

2026-07-24 11:47:58 ☞ StartCamera1: 카메라 프레임을 읽지 못했습니다.

2026-07-24 11:47:58 ☞ StartCamera2: 카메라 프레임을 읽지 못했습니다.

2026-07-24 11:47:58 ☞ StartCamera1: 카메라 프레임을 읽지 못했습니다.

2026-07-24 11:47:59 ☞ StartCamera2: 카메라 프레임을 읽지 못했습니다.

2026-07-24 11:47:59 ☞ StartCamera1: 카메라 프레임을 읽지 못했습니다.

2026-07-24 11:47:59 ☞ StartCamera2: 카메라 프레임을 읽지 못했습니다.

2026-07-24 11:47:59 ☞ StartCamera1: 카메라 프레임을 읽지 못했습니다.

2026-07-24 11:48:00 ☞ StartCamera2: 카메라 프레임을 읽지 못했습니다.

2026-07-24 11:48:00 ☞ StartCamera1: 카메라 프레임을 읽지 못했습니다.

2026-07-24 11:48:00 ☞ StartCamera2: 카메라 프레임을 읽지 못했습니다.

2026-07-24 11:48:00 ☞ StartCamera1: 카메라 프레임을 읽지 못했습니다.

2026-07-24 11:48:01 ☞ StartCamera2: 카메라 프레임을 읽지 못했습니다.

2026-07-24 11:48:01 ☞ StartCamera1: 카메라 프레임을 읽지 못했습니다.

2026-07-24 11:48:01 ☞ StartCamera2: 카메라 프레임을 읽지 못했습니다.

2026-07-24 11:48:01 ☞ StartCamera1: 카메라 프레임을 읽지 못했습니다.

2026-07-24 11:48:02 ☞ StartCamera2: 카메라 프레임을 읽지 못했습니다.

2026-07-24 11:48:02 ☞ StartCamera1: 카메라 프레임을 읽지 못했습니다.

2026-07-24 11:48:02 ☞ StartCamera2: 카메라 프레임을 읽지 못했습니다.

2026-07-24 11:48:02 ☞ StartCamera1: 카메라 프레임을 읽지 못했습니다.

2026-07-24 11:48:03 ☞ StartCamera2: 카메라 프레임을 읽지 못했습니다.

2026-07-24 11:48:03 ☞ StartCamera1: 카메라 프레임을 읽지 못했습니다.

2026-07-24 11:48:03 ☞ StartCamera2: 카메라 프레임을 읽지 못했습니다.

2026-07-24 11:48:03 ☞ StartCamera1: 카메라 프레임을 읽지 못했습니다.

2026-07-24 11:48:04 ☞ StartCamera2: 카메라 프레임을 읽지 못했습니다.

2026-07-24 11:48:04 ☞ StartCamera1: 카메라 프레임을 읽지 못했습니다.

2026-07-24 11:48:04 ☞ StartCamera2: 카메라 프레임을 읽지 못했습니다.

2026-07-24 11:48:04 ☞ StartCamera1: 카메라 프레임을 읽지 못했습니다.

2026-07-24 11:48:05 ☞ StartCamera2: 카메라 프레임을 읽지 못했습니다.

2026-07-24 11:48:05 ☞ StartCamera1: 카메라 프레임을 읽지 못했습니다.

2026-07-24 11:48:05 ☞ StartCamera2: 카메라 프레임을 읽지 못했습니다.

2026-07-24 11:48:05 ☞ StartCamera1: 카메라 프레임을 읽지 못했습니다.

2026-07-24 11:48:06 ☞ StartCamera2: 카메라 프레임을 읽지 못했습니다.

2026-07-24 11:48:06 ☞ StartCamera1: 카메라 프레임을 읽지 못했습니다.

2026-07-24 11:48:06 ☞ StartCamera2: 카메라 프레임을 읽지 못했습니다.

2026-07-24 11:48:06 ☞ StartCamera1: 카메라 프레임을 읽지 못했습니다.

2026-07-24 11:48:07 ☞ StartCamera2: 카메라 프레임을 읽지 못했습니다.

2026-07-24 11:48:07 ☞ StartCamera1: 카메라 프레임을 읽지 못했습니다.

2026-07-24 11:48:07 ☞ StartCamera2: 카메라 프레임을 읽지 못했습니다.

2026-07-24 11:48:07 ☞ StartCamera1: 카메라 프레임을 읽지 못했습니다.

2026-07-24 11:48:08 ☞ StartCamera2: 카메라 프레임을 읽지 못했습니다.

2026-07-24 11:48:08 ☞ StartCamera1: 카메라 프레임을 읽지 못했습니다.

2026-07-24 11:48:08 ☞ StartCamera2: 카메라 프레임을 읽지 못했습니다.

2026-07-24 11:48:08 ☞ StartCamera1: 카메라 프레임을 읽지 못했습니다.

2026-07-24 11:48:09 ☞ StartCamera2: 카메라 프레임을 읽지 못했습니다.

2026-07-24 11:48:09 ☞ StartCamera1: 카메라 프레임을 읽지 못했습니다.

2026-07-24 11:48:09 ☞ StartCamera2: 카메라 프레임을 읽지 못했습니다.

2026-07-24 11:48:10 ☞ StartCamera1: 카메라 프레임을 읽지 못했습니다.

2026-07-24 11:48:10 ☞ StartCamera2: 카메라 프레임을 읽지 못했습니다.

2026-07-24 11:48:10 ☞ StartCamera1: 카메라 프레임을 읽지 못했습니다.

2026-07-24 11:48:10 ☞ StartCamera2: 카메라 프레임을 읽지 못했습니다.

2026-07-24 11:48:11 ☞ StartCamera1: 카메라 프레임을 읽지 못했습니다.

2026-07-24 11:48:11 ☞ StartCamera2: 카메라 프레임을 읽지 못했습니다.

2026-07-24 11:48:11 ☞ StartCamera1: 카메라 프레임을 읽지 못했습니다.

2026-07-24 11:48:11 ☞ StartCamera2: 카메라 프레임을 읽지 못했습니다.

2026-07-24 11:48:12 ☞ StartCamera1: 카메라 프레임을 읽지 못했습니다.

2026-07-24 11:48:12 ☞ StartCamera2: 카메라 프레임을 읽지 못했습니다.

2026-07-24 11:48:12 ☞ StartCamera1: 카메라 프레임을 읽지 못했습니다.

2026-07-24 11:48:13 ☞ StartCamera2: 카메라 프레임을 읽지 못했습니다.

2026-07-24 11:48:13 ☞ StartCamera1: 카메라 프레임을 읽지 못했습니다.

2026-07-24 11:48:13 ☞ StartCamera2: 카메라 프레임을 읽지 못했습니다.

2026-07-24 11:48:13 ☞ StartCamera1: 카메라 프레임을 읽지 못했습니다.

2026-07-24 11:48:14 ☞ StartCamera2: 카메라 프레임을 읽지 못했습니다.

2026-07-24 11:48:14 ☞ StartCamera1: 카메라 프레임을 읽지 못했습니다.

2026-07-24 11:48:14 ☞ StartCamera2: 카메라 프레임을 읽지 못했습니다.

2026-07-24 11:48:14 ☞ StartCamera1: 카메라 프레임을 읽지 못했습니다.

2026-07-24 11:48:15 ☞ StartCamera2: 카메라 프레임을 읽지 못했습니다.

2026-07-24 11:48:15 ☞ StartCamera1: 카메라 프레임을 읽지 못했습니다.

2026-07-24 11:48:15 ☞ StartCamera2: 카메라 프레임을 읽지 못했습니다.

2026-07-24 11:48:15 ☞ StartCamera1: 카메라 프레임을 읽지 못했습니다.

2026-07-24 11:48:16 ☞ StartCamera2: 카메라 프레임을 읽지 못했습니다.

2026-07-24 11:48:16 ☞ StartCamera1: 카메라 프레임을 읽지 못했습니다.

2026-07-24 11:48:16 ☞ StartCamera2: 카메라 프레임을 읽지 못했습니다.

2026-07-24 11:48:16 ☞ StartCamera1: 카메라 프레임을 읽지 못했습니다.

2026-07-24 11:48:17 ☞ StartCamera2: 카메라 프레임을 읽지 못했습니다.

2026-07-24 11:48:17 ☞ StartCamera1: 카메라 프레임을 읽지 못했습니다.

2026-07-24 11:48:17 ☞ StartCamera2: 카메라 프레임을 읽지 못했습니다.

2026-07-24 11:48:17 ☞ StartCamera1: 카메라 프레임을 읽지 못했습니다.

2026-07-24 11:48:18 ☞ StartCamera2: 카메라 프레임을 읽지 못했습니다.

2026-07-24 11:48:18 ☞ StartCamera1: 카메라 프레임을 읽지 못했습니다.

2026-07-24 11:48:18 ☞ StartCamera2: 카메라 프레임을 읽지 못했습니다.

2026-07-24 11:48:18 ☞ StartCamera1: 카메라 프레임을 읽지 못했습니다.

2026-07-24 11:48:19 ☞ StartCamera2: 카메라 프레임을 읽지 못했습니다.

2026-07-24 11:48:19 ☞ StartCamera1: 카메라 프레임을 읽지 못했습니다.

2026-07-24 11:48:19 ☞ StartCamera2: 카메라 프레임을 읽지 못했습니다.

2026-07-24 11:48:19 ☞ StartCamera1: 카메라 프레임을 읽지 못했습니다.

2026-07-24 11:48:20 ☞ StartCamera2: 카메라 프레임을 읽지 못했습니다.

2026-07-24 11:48:20 ☞ StartCamera1: 카메라 프레임을 읽지 못했습니다.

2026-07-24 11:48:20 ☞ StartCamera2: 카메라 프레임을 읽지 못했습니다.

2026-07-24 11:48:20 ☞ StartCamera1: 카메라 프레임을 읽지 못했습니다.

2026-07-24 11:48:21 ☞ StartCamera2: 카메라 프레임을 읽지 못했습니다.

2026-07-24 11:48:21 ☞ StartCamera1: 카메라 프레임을 읽지 못했습니다.

2026-07-24 11:48:21 ☞ StartCamera2: 카메라 프레임을 읽지 못했습니다.

2026-07-24 11:48:21 ☞ StartCamera1: 카메라 프레임을 읽지 못했습니다.

2026-07-24 11:48:22 ☞ StartCamera2: 카메라 프레임을 읽지 못했습니다.

2026-07-24 11:48:22 ☞ StartCamera1: 카메라 프레임을 읽지 못했습니다.

2026-07-24 11:48:22 ☞ StartCamera2: 카메라 프레임을 읽지 못했습니다.

2026-07-24 11:48:22 ☞ StartCamera1: 카메라 프레임을 읽지 못했습니다.

2026-07-24 11:48:23 ☞ StartCamera2: 카메라 프레임을 읽지 못했습니다.

2026-07-24 11:48:23 ☞ StartCamera1: 카메라 프레임을 읽지 못했습니다.

2026-07-24 11:48:23 ☞ StartCamera2: 카메라 프레임을 읽지 못했습니다.

2026-07-24 11:48:23 ☞ StartCamera1: 카메라 프레임을 읽지 못했습니다.

2026-07-24 11:48:24 ☞ StartCamera2: 카메라 프레임을 읽지 못했습니다.

2026-07-24 11:48:24 ☞ StartCamera1: 카메라 프레임을 읽지 못했습니다.

2026-07-24 11:48:24 ☞ StartCamera2: 카메라 프레임을 읽지 못했습니다.

2026-07-24 11:48:24 ☞ StartCamera1: 카메라 프레임을 읽지 못했습니다.

2026-07-24 11:48:25 ☞ StartCamera2: 카메라 프레임을 읽지 못했습니다.

2026-07-24 11:48:25 ☞ StartCamera1: 카메라 프레임을 읽지 못했습니다.

2026-07-24 11:48:25 ☞ StartCamera2: 카메라 프레임을 읽지 못했습니다.

2026-07-24 11:48:25 ☞ StartCamera1: 카메라 프레임을 읽지 못했습니다.

2026-07-24 11:48:26 ☞ StartCamera2: 카메라 프레임을 읽지 못했습니다.

2026-07-24 11:48:26 ☞ StartCamera1: 카메라 프레임을 읽지 못했습니다.

2026-07-24 11:48:26 ☞ StartCamera2: 카메라 프레임을 읽지 못했습니다.

2026-07-24 11:48:26 ☞ StartCamera1: 카메라 프레임을 읽지 못했습니다.

2026-07-24 11:48:27 ☞ StartCamera2: 카메라 프레임을 읽지 못했습니다.

2026-07-24 11:48:27 ☞ StartCamera1: 카메라 프레임을 읽지 못했습니다.

2026-07-24 11:48:27 ☞ StartCamera2: 카메라 프레임을 읽지 못했습니다.

2026-07-24 11:48:27 ☞ StartCamera1: 카메라 프레임을 읽지 못했습니다.

2026-07-24 11:48:28 ☞ StartCamera2: 카메라 프레임을 읽지 못했습니다.

2026-07-24 11:48:28 ☞ StartCamera1: 카메라 프레임을 읽지 못했습니다.

2026-07-24 11:48:28 ☞ StartCamera2: 카메라 프레임을 읽지 못했습니다.

2026-07-24 11:48:28 ☞ StartCamera1: 카메라 프레임을 읽지 못했습니다.

2026-07-24 11:48:29 ☞ StartCamera2: 카메라 프레임을 읽지 못했습니다.

2026-07-24 11:48:29 ☞ StartCamera1: 카메라 프레임을 읽지 못했습니다.

2026-07-24 11:48:29 ☞ StartCamera2: 카메라 프레임을 읽지 못했습니다.

2026-07-24 11:48:29 ☞ StartCamera1: 카메라 프레임을 읽지 못했습니다.

2026-07-24 11:48:30 ☞ StartCamera2: 카메라 프레임을 읽지 못했습니다.

2026-07-24 11:48:30 ☞ StartCamera1: 카메라 프레임을 읽지 못했습니다.

2026-07-24 11:48:30 ☞ StartCamera2: 카메라 프레임을 읽지 못했습니다.

2026-07-24 11:48:30 ☞ StartCamera1: 카메라 프레임을 읽지 못했습니다.

2026-07-24 11:48:31 ☞ StartCamera2: 카메라 프레임을 읽지 못했습니다.

2026-07-24 11:48:31 ☞ StartCamera1: 카메라 프레임을 읽지 못했습니다.

2026-07-24 11:48:31 ☞ StartCamera2: 카메라 프레임을 읽지 못했습니다.

2026-07-24 11:48:31 ☞ StartCamera1: 카메라 프레임을 읽지 못했습니다.

2026-07-24 11:48:32 ☞ StartCamera2: 카메라 프레임을 읽지 못했습니다.

2026-07-24 11:48:32 ☞ StartCamera1: 카메라 프레임을 읽지 못했습니다.

2026-07-24 11:48:32 ☞ StartCamera2: 카메라 프레임을 읽지 못했습니다.

2026-07-24 11:48:32 ☞ StartCamera1: 카메라 프레임을 읽지 못했습니다.

2026-07-24 11:48:33 ☞ StartCamera2: 카메라 프레임을 읽지 못했습니다.

2026-07-24 11:48:33 ☞ StartCamera1: 카메라 프레임을 읽지 못했습니다.

2026-07-24 11:48:33 ☞ StartCamera2: 카메라 프레임을 읽지 못했습니다.

2026-07-24 11:48:34 ☞ StartCamera1: 카메라 프레임을 읽지 못했습니다.

2026-07-24 11:48:34 ☞ StartCamera2: 카메라 프레임을 읽지 못했습니다.

2026-07-24 11:48:34 ☞ StartCamera1: 카메라 프레임을 읽지 못했습니다.

2026-07-24 11:48:34 ☞ StartCamera2: 카메라 프레임을 읽지 못했습니다.

2026-07-24 11:48:35 ☞ StartCamera1: 카메라 프레임을 읽지 못했습니다.

2026-07-24 11:48:35 ☞ StartCamera2: 카메라 프레임을 읽지 못했습니다.

2026-07-24 11:48:35 ☞ StartCamera1: 카메라 프레임을 읽지 못했습니다.

2026-07-24 11:48:35 ☞ StartCamera2: 카메라 프레임을 읽지 못했습니다.

2026-07-24 11:48:36 ☞ StartCamera1: 카메라 프레임을 읽지 못했습니다.

2026-07-24 11:48:36 ☞ StartCamera2: 카메라 프레임을 읽지 못했습니다.

2026-07-24 11:48:36 ☞ StartCamera1: 카메라 프레임을 읽지 못했습니다.

2026-07-24 11:48:36 ☞ StartCamera2: 카메라 프레임을 읽지 못했습니다.

2026-07-24 11:48:37 ☞ StartCamera1: 카메라 프레임을 읽지 못했습니다.

2026-07-24 11:48:37 ☞ StartCamera2: 카메라 프레임을 읽지 못했습니다.

2026-07-24 11:48:37 ☞ StartCamera1: 카메라 프레임을 읽지 못했습니다.

2026-07-24 11:48:38 ☞ StartCamera2: 카메라 프레임을 읽지 못했습니다.

2026-07-24 11:48:38 ☞ StartCamera1: 카메라 프레임을 읽지 못했습니다.

2026-07-24 11:48:38 ☞ StartCamera2: 카메라 프레임을 읽지 못했습니다.

2026-07-24 11:48:38 ☞ StartCamera1: 카메라 프레임을 읽지 못했습니다.

2026-07-24 11:48:39 ☞ StartCamera2: 카메라 프레임을 읽지 못했습니다.

2026-07-24 11:48:39 ☞ StartCamera1: 카메라 프레임을 읽지 못했습니다.

2026-07-24 11:48:39 ☞ StartCamera2: 카메라 프레임을 읽지 못했습니다.

2026-07-24 11:48:39 ☞ StartCamera1: 카메라 프레임을 읽지 못했습니다.

2026-07-24 11:48:40 ☞ StartCamera2: 카메라 프레임을 읽지 못했습니다.

2026-07-24 11:48:40 ☞ StartCamera1: 카메라 프레임을 읽지 못했습니다.

2026-07-24 11:48:40 ☞ StartCamera2: 카메라 프레임을 읽지 못했습니다.

2026-07-24 11:48:40 ☞ StartCamera1: 카메라 프레임을 읽지 못했습니다.

2026-07-24 11:48:41 ☞ StartCamera2: 카메라 프레임을 읽지 못했습니다.

2026-07-24 11:48:41 ☞ StartCamera1: 카메라 프레임을 읽지 못했습니다.

2026-07-24 11:48:41 ☞ StartCamera2: 카메라 프레임을 읽지 못했습니다.

2026-07-24 11:48:41 ☞ StartCamera1: 카메라 프레임을 읽지 못했습니다.

2026-07-24 11:48:42 ☞ StartCamera2: 카메라 프레임을 읽지 못했습니다.

2026-07-24 11:48:42 ☞ StartCamera1: 카메라 프레임을 읽지 못했습니다.

2026-07-24 11:48:42 ☞ StartCamera2: 카메라 프레임을 읽지 못했습니다.

2026-07-24 11:48:42 ☞ StartCamera1: 카메라 프레임을 읽지 못했습니다.

2026-07-24 11:48:43 ☞ StartCamera2: 카메라 프레임을 읽지 못했습니다.

2026-07-24 11:48:43 ☞ StartCamera1: 카메라 프레임을 읽지 못했습니다.

2026-07-24 11:48:43 ☞ StartCamera2: 카메라 프레임을 읽지 못했습니다.

2026-07-24 11:48:43 ☞ StartCamera1: 카메라 프레임을 읽지 못했습니다.

2026-07-24 11:48:44 ☞ StartCamera2: 카메라 프레임을 읽지 못했습니다.

2026-07-24 11:48:44 ☞ StartCamera1: 카메라 프레임을 읽지 못했습니다.

2026-07-24 11:48:44 ☞ StartCamera2: 카메라 프레임을 읽지 못했습니다.

2026-07-24 11:48:44 ☞ StartCamera1: 카메라 프레임을 읽지 못했습니다.

2026-07-24 11:48:45 ☞ StartCamera2: 카메라 프레임을 읽지 못했습니다.

2026-07-24 11:48:45 ☞ StartCamera1: 카메라 프레임을 읽지 못했습니다.

2026-07-24 11:48:45 ☞ StartCamera2: 카메라 프레임을 읽지 못했습니다.

2026-07-24 11:48:45 ☞ StartCamera1: 카메라 프레임을 읽지 못했습니다.

2026-07-24 11:48:46 ☞ StartCamera2: 카메라 프레임을 읽지 못했습니다.

2026-07-24 11:48:46 ☞ StartCamera1: 카메라 프레임을 읽지 못했습니다.

2026-07-24 11:48:46 ☞ StartCamera2: 카메라 프레임을 읽지 못했습니다.

2026-07-24 11:48:46 ☞ StartCamera1: 카메라 프레임을 읽지 못했습니다.

2026-07-24 11:48:47 ☞ StartCamera2: 카메라 프레임을 읽지 못했습니다.

2026-07-24 11:48:47 ☞ StartCamera1: 카메라 프레임을 읽지 못했습니다.

2026-07-24 11:48:47 ☞ StartCamera2: 카메라 프레임을 읽지 못했습니다.

2026-07-24 11:48:47 ☞ StartCamera1: 카메라 프레임을 읽지 못했습니다.

2026-07-24 11:48:48 ☞ StartCamera2: 카메라 프레임을 읽지 못했습니다.

2026-07-24 11:48:48 ☞ StartCamera1: 카메라 프레임을 읽지 못했습니다.

2026-07-24 11:48:48 ☞ StartCamera2: 카메라 프레임을 읽지 못했습니다.

2026-07-24 11:48:48 ☞ StartCamera1: 카메라 프레임을 읽지 못했습니다.

2026-07-24 11:48:49 ☞ StartCamera2: 카메라 프레임을 읽지 못했습니다.

2026-07-24 11:48:49 ☞ StartCamera1: 카메라 프레임을 읽지 못했습니다.

2026-07-24 11:48:49 ☞ StartCamera2: 카메라 프레임을 읽지 못했습니다.

2026-07-24 11:48:49 ☞ StartCamera1: 카메라 프레임을 읽지 못했습니다.

2026-07-24 11:48:50 ☞ StartCamera2: 카메라 프레임을 읽지 못했습니다.

2026-07-24 11:48:50 ☞ StartCamera1: 카메라 프레임을 읽지 못했습니다.

2026-07-24 11:48:50 ☞ StartCamera2: 카메라 프레임을 읽지 못했습니다.

2026-07-24 11:48:50 ☞ StartCamera1: 카메라 프레임을 읽지 못했습니다.

2026-07-24 11:48:51 ☞ StartCamera2: 카메라 프레임을 읽지 못했습니다.

2026-07-24 11:48:51 ☞ StartCamera1: 카메라 프레임을 읽지 못했습니다.

2026-07-24 11:48:51 ☞ StartCamera2: 카메라 프레임을 읽지 못했습니다.

2026-07-24 11:48:51 ☞ StartCamera1: 카메라 프레임을 읽지 못했습니다.

2026-07-24 11:48:52 ☞ StartCamera2: 카메라 프레임을 읽지 못했습니다.

2026-07-24 11:48:52 ☞ StartCamera1: 카메라 프레임을 읽지 못했습니다.

2026-07-24 11:48:52 ☞ StartCamera2: 카메라 프레임을 읽지 못했습니다.

2026-07-24 11:48:52 ☞ StartCamera1: 카메라 프레임을 읽지 못했습니다.

2026-07-24 11:48:53 ☞ StartCamera2: 카메라 프레임을 읽지 못했습니다.

2026-07-24 11:48:53 ☞ StartCamera1: 카메라 프레임을 읽지 못했습니다.

2026-07-24 11:48:53 ☞ StartCamera2: 카메라 프레임을 읽지 못했습니다.

2026-07-24 11:48:53 ☞ StartCamera1: 카메라 프레임을 읽지 못했습니다.

2026-07-24 11:48:54 ☞ StartCamera2: 카메라 프레임을 읽지 못했습니다.

2026-07-24 11:48:54 ☞ StartCamera1: 카메라 프레임을 읽지 못했습니다.

2026-07-24 11:48:54 ☞ StartCamera2: 카메라 프레임을 읽지 못했습니다.

2026-07-24 11:48:54 ☞ StartCamera1: 카메라 프레임을 읽지 못했습니다.

2026-07-24 11:48:55 ☞ StartCamera2: 카메라 프레임을 읽지 못했습니다.

2026-07-24 11:48:55 ☞ StartCamera1: 카메라 프레임을 읽지 못했습니다.

2026-07-24 11:48:55 ☞ StartCamera2: 카메라 프레임을 읽지 못했습니다.

2026-07-24 11:48:55 ☞ StartCamera1: 카메라 프레임을 읽지 못했습니다.

2026-07-24 11:48:56 ☞ StartCamera2: 카메라 프레임을 읽지 못했습니다.

2026-07-24 11:48:56 ☞ StartCamera1: 카메라 프레임을 읽지 못했습니다.

2026-07-24 11:48:56 ☞ StartCamera2: 카메라 프레임을 읽지 못했습니다.

2026-07-24 11:48:56 ☞ StartCamera1: 카메라 프레임을 읽지 못했습니다.

2026-07-24 11:48:57 ☞ StartCamera2: 카메라 프레임을 읽지 못했습니다.

2026-07-24 11:48:57 ☞ StartCamera1: 카메라 프레임을 읽지 못했습니다.

2026-07-24 11:48:57 ☞ StartCamera2: 카메라 프레임을 읽지 못했습니다.

2026-07-24 11:48:58 ☞ StartCamera1: 카메라 프레임을 읽지 못했습니다.

2026-07-24 11:48:58 ☞ StartCamera2: 카메라 프레임을 읽지 못했습니다.

2026-07-24 11:48:58 ☞ StartCamera1: 카메라 프레임을 읽지 못했습니다.

2026-07-24 11:48:58 ☞ StartCamera2: 카메라 프레임을 읽지 못했습니다.

2026-07-24 11:48:59 ☞ StartCamera1: 카메라 프레임을 읽지 못했습니다.

2026-07-24 11:48:59 ☞ StartCamera2: 카메라 프레임을 읽지 못했습니다.

2026-07-24 11:48:59 ☞ StartCamera1: 카메라 프레임을 읽지 못했습니다.

2026-07-24 11:48:59 ☞ StartCamera2: 카메라 프레임을 읽지 못했습니다.

2026-07-24 11:49:00 ☞ StartCamera1: 카메라 프레임을 읽지 못했습니다.

2026-07-24 11:49:00 ☞ StartCamera2: 카메라 프레임을 읽지 못했습니다.

2026-07-24 11:49:00 ☞ StartCamera1: 카메라 프레임을 읽지 못했습니다.

2026-07-24 11:49:00 ☞ StartCamera2: 카메라 프레임을 읽지 못했습니다.

2026-07-24 11:49:01 ☞ StartCamera1: 카메라 프레임을 읽지 못했습니다.

2026-07-24 11:49:01 ☞ StartCamera2: 카메라 프레임을 읽지 못했습니다.

2026-07-24 11:49:01 ☞ StartCamera1: 카메라 프레임을 읽지 못했습니다.

2026-07-24 11:49:02 ☞ StartCamera2: 카메라 프레임을 읽지 못했습니다.

2026-07-24 11:49:02 ☞ StartCamera1: 카메라 프레임을 읽지 못했습니다.

2026-07-24 11:49:02 ☞ StartCamera2: 카메라 프레임을 읽지 못했습니다.

2026-07-24 11:49:02 ☞ StartCamera1: 카메라 프레임을 읽지 못했습니다.

2026-07-24 11:49:03 ☞ StartCamera2: 카메라 프레임을 읽지 못했습니다.

2026-07-24 11:49:03 ☞ StartCamera1: 카메라 프레임을 읽지 못했습니다.

2026-07-24 11:49:03 ☞ StartCamera2: 카메라 프레임을 읽지 못했습니다.

2026-07-24 11:49:03 ☞ StartCamera1: 카메라 프레임을 읽지 못했습니다.

2026-07-24 11:49:04 ☞ StartCamera2: 카메라 프레임을 읽지 못했습니다.

2026-07-24 11:49:04 ☞ StartCamera1: 카메라 프레임을 읽지 못했습니다.

2026-07-24 11:49:04 ☞ StartCamera2: 카메라 프레임을 읽지 못했습니다.

2026-07-24 11:49:04 ☞ StartCamera1: 카메라 프레임을 읽지 못했습니다.

2026-07-24 11:49:05 ☞ StartCamera2: 카메라 프레임을 읽지 못했습니다.

2026-07-24 11:49:05 ☞ StartCamera1: 카메라 프레임을 읽지 못했습니다.

2026-07-24 11:49:05 ☞ StartCamera2: 카메라 프레임을 읽지 못했습니다.

2026-07-24 11:49:05 ☞ StartCamera1: 카메라 프레임을 읽지 못했습니다.

2026-07-24 11:49:06 ☞ StartCamera2: 카메라 프레임을 읽지 못했습니다.

2026-07-24 11:49:06 ☞ StartCamera1: 카메라 프레임을 읽지 못했습니다.

2026-07-24 11:49:06 ☞ StartCamera2: 카메라 프레임을 읽지 못했습니다.

2026-07-24 11:49:06 ☞ StartCamera1: 카메라 프레임을 읽지 못했습니다.

2026-07-24 11:49:07 ☞ StartCamera2: 카메라 프레임을 읽지 못했습니다.

2026-07-24 11:49:07 ☞ StartCamera1: 카메라 프레임을 읽지 못했습니다.

2026-07-24 11:49:07 ☞ StartCamera2: 카메라 프레임을 읽지 못했습니다.

2026-07-24 11:49:07 ☞ StartCamera1: 카메라 프레임을 읽지 못했습니다.

2026-07-24 11:49:08 ☞ StartCamera2: 카메라 프레임을 읽지 못했습니다.

2026-07-24 11:49:08 ☞ StartCamera1: 카메라 프레임을 읽지 못했습니다.

2026-07-24 11:49:08 ☞ StartCamera2: 카메라 프레임을 읽지 못했습니다.

2026-07-24 11:49:08 ☞ StartCamera1: 카메라 프레임을 읽지 못했습니다.

2026-07-24 11:49:09 ☞ StartCamera2: 카메라 프레임을 읽지 못했습니다.

2026-07-24 11:49:09 ☞ StartCamera1: 카메라 프레임을 읽지 못했습니다.

2026-07-24 11:49:09 ☞ StartCamera2: 카메라 프레임을 읽지 못했습니다.

2026-07-24 11:49:09 ☞ StartCamera1: 카메라 프레임을 읽지 못했습니다.

2026-07-24 11:49:10 ☞ StartCamera2: 카메라 프레임을 읽지 못했습니다.

2026-07-24 11:49:10 ☞ StartCamera1: 카메라 프레임을 읽지 못했습니다.

2026-07-24 11:49:10 ☞ StartCamera2: 카메라 프레임을 읽지 못했습니다.

2026-07-24 11:49:10 ☞ StartCamera1: 카메라 프레임을 읽지 못했습니다.

2026-07-24 11:49:11 ☞ StartCamera2: 카메라 프레임을 읽지 못했습니다.

2026-07-24 11:49:11 ☞ StartCamera1: 카메라 프레임을 읽지 못했습니다.

2026-07-24 11:49:11 ☞ StartCamera2: 카메라 프레임을 읽지 못했습니다.

2026-07-24 11:49:11 ☞ StartCamera1: 카메라 프레임을 읽지 못했습니다.

2026-07-24 11:49:12 ☞ StartCamera2: 카메라 프레임을 읽지 못했습니다.

2026-07-24 11:49:12 ☞ StartCamera1: 카메라 프레임을 읽지 못했습니다.

2026-07-24 11:49:12 ☞ StartCamera2: 카메라 프레임을 읽지 못했습니다.

2026-07-24 11:49:12 ☞ StartCamera1: 카메라 프레임을 읽지 못했습니다.

2026-07-24 11:49:13 ☞ StartCamera2: 카메라 프레임을 읽지 못했습니다.

2026-07-24 11:49:13 ☞ StartCamera1: 카메라 프레임을 읽지 못했습니다.

2026-07-24 11:49:13 ☞ StartCamera2: 카메라 프레임을 읽지 못했습니다.

2026-07-24 11:49:13 ☞ StartCamera1: 카메라 프레임을 읽지 못했습니다.

2026-07-24 11:49:14 ☞ StartCamera2: 카메라 프레임을 읽지 못했습니다.

2026-07-24 11:49:14 ☞ StartCamera1: 카메라 프레임을 읽지 못했습니다.

2026-07-24 11:49:14 ☞ StartCamera2: 카메라 프레임을 읽지 못했습니다.

2026-07-24 11:49:14 ☞ StartCamera1: 카메라 프레임을 읽지 못했습니다.

2026-07-24 11:49:15 ☞ StartCamera2: 카메라 프레임을 읽지 못했습니다.

2026-07-24 11:49:15 ☞ StartCamera1: 카메라 프레임을 읽지 못했습니다.

2026-07-24 11:49:15 ☞ StartCamera2: 카메라 프레임을 읽지 못했습니다.

2026-07-24 11:49:15 ☞ StartCamera1: 카메라 프레임을 읽지 못했습니다.

2026-07-24 11:49:16 ☞ StartCamera2: 카메라 프레임을 읽지 못했습니다.

2026-07-24 11:49:16 ☞ StartCamera1: 카메라 프레임을 읽지 못했습니다.

2026-07-24 11:49:16 ☞ StartCamera2: 카메라 프레임을 읽지 못했습니다.

2026-07-24 11:49:16 ☞ StartCamera1: 카메라 프레임을 읽지 못했습니다.

2026-07-24 11:49:17 ☞ StartCamera2: 카메라 프레임을 읽지 못했습니다.

2026-07-24 11:49:17 ☞ StartCamera1: 카메라 프레임을 읽지 못했습니다.

2026-07-24 11:49:17 ☞ StartCamera2: 카메라 프레임을 읽지 못했습니다.

2026-07-24 11:49:17 ☞ StartCamera1: 카메라 프레임을 읽지 못했습니다.

2026-07-24 11:49:18 ☞ StartCamera2: 카메라 프레임을 읽지 못했습니다.

2026-07-24 11:49:18 ☞ StartCamera1: 카메라 프레임을 읽지 못했습니다.

2026-07-24 11:49:18 ☞ StartCamera2: 카메라 프레임을 읽지 못했습니다.

2026-07-24 11:49:18 ☞ StartCamera1: 카메라 프레임을 읽지 못했습니다.

2026-07-24 11:49:19 ☞ StartCamera2: 카메라 프레임을 읽지 못했습니다.

2026-07-24 11:49:19 ☞ StartCamera1: 카메라 프레임을 읽지 못했습니다.

2026-07-24 11:49:19 ☞ StartCamera2: 카메라 프레임을 읽지 못했습니다.

2026-07-24 11:49:19 ☞ StartCamera1: 카메라 프레임을 읽지 못했습니다.

2026-07-24 11:49:20 ☞ StartCamera2: 카메라 프레임을 읽지 못했습니다.

2026-07-24 11:49:20 ☞ StartCamera1: 카메라 프레임을 읽지 못했습니다.

2026-07-24 11:49:20 ☞ StartCamera2: 카메라 프레임을 읽지 못했습니다.

2026-07-24 11:49:20 ☞ StartCamera1: 카메라 프레임을 읽지 못했습니다.

2026-07-24 11:49:21 ☞ StartCamera2: 카메라 프레임을 읽지 못했습니다.

2026-07-24 11:49:21 ☞ StartCamera1: 카메라 프레임을 읽지 못했습니다.

2026-07-24 11:49:21 ☞ StartCamera2: 카메라 프레임을 읽지 못했습니다.

2026-07-24 11:49:22 ☞ StartCamera1: 카메라 프레임을 읽지 못했습니다.

2026-07-24 11:49:22 ☞ StartCamera2: 카메라 프레임을 읽지 못했습니다.

2026-07-24 11:49:22 ☞ StartCamera1: 카메라 프레임을 읽지 못했습니다.

2026-07-24 11:49:22 ☞ StartCamera2: 카메라 프레임을 읽지 못했습니다.

2026-07-24 11:49:23 ☞ StartCamera1: 카메라 프레임을 읽지 못했습니다.

2026-07-24 11:49:23 ☞ StartCamera2: 카메라 프레임을 읽지 못했습니다.

2026-07-24 11:49:23 ☞ StartCamera1: 카메라 프레임을 읽지 못했습니다.

2026-07-24 11:49:23 ☞ StartCamera2: 카메라 프레임을 읽지 못했습니다.

2026-07-24 11:49:24 ☞ StartCamera1: 카메라 프레임을 읽지 못했습니다.

2026-07-24 11:49:24 ☞ StartCamera2: 카메라 프레임을 읽지 못했습니다.

2026-07-24 11:49:24 ☞ StartCamera1: 카메라 프레임을 읽지 못했습니다.

2026-07-24 11:49:24 ☞ StartCamera2: 카메라 프레임을 읽지 못했습니다.

2026-07-24 11:49:25 ☞ StartCamera1: 카메라 프레임을 읽지 못했습니다.

2026-07-24 11:49:25 ☞ StartCamera2: 카메라 프레임을 읽지 못했습니다.

2026-07-24 11:49:25 ☞ StartCamera1: 카메라 프레임을 읽지 못했습니다.

2026-07-24 11:49:26 ☞ StartCamera2: 카메라 프레임을 읽지 못했습니다.

2026-07-24 11:49:26 ☞ StartCamera1: 카메라 프레임을 읽지 못했습니다.

2026-07-24 11:49:26 ☞ StartCamera2: 카메라 프레임을 읽지 못했습니다.

2026-07-24 11:49:26 ☞ StartCamera1: 카메라 프레임을 읽지 못했습니다.

2026-07-24 11:49:27 ☞ StartCamera2: 카메라 프레임을 읽지 못했습니다.

2026-07-24 11:49:27 ☞ StartCamera1: 카메라 프레임을 읽지 못했습니다.

2026-07-24 11:49:27 ☞ StartCamera2: 카메라 프레임을 읽지 못했습니다.

2026-07-24 11:49:27 ☞ StartCamera1: 카메라 프레임을 읽지 못했습니다.

2026-07-24 11:49:28 ☞ StartCamera2: 카메라 프레임을 읽지 못했습니다.

2026-07-24 11:49:28 ☞ StartCamera1: 카메라 프레임을 읽지 못했습니다.

2026-07-24 11:49:28 ☞ StartCamera2: 카메라 프레임을 읽지 못했습니다.

2026-07-24 11:49:28 ☞ StartCamera1: 카메라 프레임을 읽지 못했습니다.

2026-07-24 11:49:29 ☞ StartCamera2: 카메라 프레임을 읽지 못했습니다.

2026-07-24 11:49:29 ☞ StartCamera1: 카메라 프레임을 읽지 못했습니다.

2026-07-24 11:49:29 ☞ StartCamera2: 카메라 프레임을 읽지 못했습니다.

2026-07-24 11:49:29 ☞ StartCamera1: 카메라 프레임을 읽지 못했습니다.

2026-07-24 11:49:30 ☞ StartCamera2: 카메라 프레임을 읽지 못했습니다.

2026-07-24 11:49:30 ☞ StartCamera1: 카메라 프레임을 읽지 못했습니다.

2026-07-24 11:49:30 ☞ StartCamera2: 카메라 프레임을 읽지 못했습니다.

2026-07-24 11:49:30 ☞ StartCamera1: 카메라 프레임을 읽지 못했습니다.

2026-07-24 11:49:31 ☞ StartCamera2: 카메라 프레임을 읽지 못했습니다.

2026-07-24 11:49:31 ☞ StartCamera1: 카메라 프레임을 읽지 못했습니다.

2026-07-24 11:49:31 ☞ StartCamera2: 카메라 프레임을 읽지 못했습니다.

2026-07-24 11:49:31 ☞ StartCamera1: 카메라 프레임을 읽지 못했습니다.

2026-07-24 11:49:32 ☞ StartCamera2: 카메라 프레임을 읽지 못했습니다.

2026-07-24 11:49:32 ☞ StartCamera1: 카메라 프레임을 읽지 못했습니다.

2026-07-24 11:49:32 ☞ StartCamera2: 카메라 프레임을 읽지 못했습니다.

2026-07-24 11:49:32 ☞ StartCamera1: 카메라 프레임을 읽지 못했습니다.

2026-07-24 11:49:33 ☞ StartCamera2: 카메라 프레임을 읽지 못했습니다.

2026-07-24 11:49:33 ☞ StartCamera1: 카메라 프레임을 읽지 못했습니다.

2026-07-24 11:49:33 ☞ StartCamera2: 카메라 프레임을 읽지 못했습니다.

2026-07-24 11:49:33 ☞ StartCamera1: 카메라 프레임을 읽지 못했습니다.

2026-07-24 11:49:34 ☞ StartCamera2: 카메라 프레임을 읽지 못했습니다.

2026-07-24 11:49:34 ☞ StartCamera1: 카메라 프레임을 읽지 못했습니다.

2026-07-24 11:49:34 ☞ StartCamera2: 카메라 프레임을 읽지 못했습니다.

2026-07-24 11:49:34 ☞ StartCamera1: 카메라 프레임을 읽지 못했습니다.

2026-07-24 11:49:35 ☞ StartCamera2: 카메라 프레임을 읽지 못했습니다.

2026-07-24 11:49:35 ☞ StartCamera1: 카메라 프레임을 읽지 못했습니다.

2026-07-24 11:49:35 ☞ StartCamera2: 카메라 프레임을 읽지 못했습니다.

2026-07-24 11:49:35 ☞ StartCamera1: 카메라 프레임을 읽지 못했습니다.

2026-07-24 11:49:36 ☞ StartCamera2: 카메라 프레임을 읽지 못했습니다.

2026-07-24 11:49:36 ☞ StartCamera1: 카메라 프레임을 읽지 못했습니다.

2026-07-24 11:49:36 ☞ StartCamera2: 카메라 프레임을 읽지 못했습니다.

2026-07-24 11:49:36 ☞ StartCamera1: 카메라 프레임을 읽지 못했습니다.

2026-07-24 11:49:37 ☞ StartCamera2: 카메라 프레임을 읽지 못했습니다.

2026-07-24 11:49:37 ☞ StartCamera1: 카메라 프레임을 읽지 못했습니다.

2026-07-24 11:49:37 ☞ StartCamera2: 카메라 프레임을 읽지 못했습니다.

2026-07-24 11:49:37 ☞ StartCamera1: 카메라 프레임을 읽지 못했습니다.

2026-07-24 11:49:38 ☞ StartCamera2: 카메라 프레임을 읽지 못했습니다.

2026-07-24 11:49:38 ☞ StartCamera1: 카메라 프레임을 읽지 못했습니다.

2026-07-24 11:49:38 ☞ StartCamera2: 카메라 프레임을 읽지 못했습니다.

2026-07-24 11:49:38 ☞ StartCamera1: 카메라 프레임을 읽지 못했습니다.

2026-07-24 11:49:39 ☞ StartCamera2: 카메라 프레임을 읽지 못했습니다.

2026-07-24 11:49:39 ☞ StartCamera1: 카메라 프레임을 읽지 못했습니다.

2026-07-24 11:49:39 ☞ StartCamera2: 카메라 프레임을 읽지 못했습니다.

2026-07-24 11:49:39 ☞ StartCamera1: 카메라 프레임을 읽지 못했습니다.

2026-07-24 11:49:40 ☞ StartCamera2: 카메라 프레임을 읽지 못했습니다.

2026-07-24 11:49:40 ☞ StartCamera1: 카메라 프레임을 읽지 못했습니다.

2026-07-24 11:49:40 ☞ StartCamera2: 카메라 프레임을 읽지 못했습니다.

2026-07-24 11:49:40 ☞ StartCamera1: 카메라 프레임을 읽지 못했습니다.

2026-07-24 11:49:41 ☞ StartCamera2: 카메라 프레임을 읽지 못했습니다.

2026-07-24 11:49:41 ☞ StartCamera1: 카메라 프레임을 읽지 못했습니다.

2026-07-24 11:49:41 ☞ StartCamera2: 카메라 프레임을 읽지 못했습니다.

2026-07-24 11:49:41 ☞ StartCamera1: 카메라 프레임을 읽지 못했습니다.

2026-07-24 11:49:42 ☞ StartCamera2: 카메라 프레임을 읽지 못했습니다.

2026-07-24 11:49:42 ☞ StartCamera1: 카메라 프레임을 읽지 못했습니다.

2026-07-24 11:49:42 ☞ StartCamera2: 카메라 프레임을 읽지 못했습니다.

2026-07-24 11:49:42 ☞ StartCamera1: 카메라 프레임을 읽지 못했습니다.

2026-07-24 11:49:43 ☞ StartCamera2: 카메라 프레임을 읽지 못했습니다.

2026-07-24 11:49:43 ☞ StartCamera1: 카메라 프레임을 읽지 못했습니다.

2026-07-24 11:49:43 ☞ StartCamera2: 카메라 프레임을 읽지 못했습니다.

2026-07-24 11:49:43 ☞ StartCamera1: 카메라 프레임을 읽지 못했습니다.

2026-07-24 11:49:44 ☞ StartCamera2: 카메라 프레임을 읽지 못했습니다.

2026-07-24 11:49:44 ☞ StartCamera1: 카메라 프레임을 읽지 못했습니다.

2026-07-24 11:49:44 ☞ StartCamera2: 카메라 프레임을 읽지 못했습니다.

2026-07-24 11:49:44 ☞ StartCamera1: 카메라 프레임을 읽지 못했습니다.

2026-07-24 11:49:45 ☞ StartCamera2: 카메라 프레임을 읽지 못했습니다.

2026-07-24 11:49:45 ☞ StartCamera1: 카메라 프레임을 읽지 못했습니다.

2026-07-24 11:49:45 ☞ StartCamera2: 카메라 프레임을 읽지 못했습니다.

2026-07-24 11:49:46 ☞ StartCamera1: 카메라 프레임을 읽지 못했습니다.

2026-07-24 11:49:46 ☞ StartCamera2: 카메라 프레임을 읽지 못했습니다.

2026-07-24 11:49:46 ☞ StartCamera1: 카메라 프레임을 읽지 못했습니다.

2026-07-24 11:49:46 ☞ StartCamera2: 카메라 프레임을 읽지 못했습니다.

2026-07-24 11:49:47 ☞ StartCamera1: 카메라 프레임을 읽지 못했습니다.

2026-07-24 11:49:47 ☞ StartCamera2: 카메라 프레임을 읽지 못했습니다.

2026-07-24 11:49:47 ☞ StartCamera1: 카메라 프레임을 읽지 못했습니다.

2026-07-24 11:49:47 ☞ StartCamera2: 카메라 프레임을 읽지 못했습니다.

2026-07-24 11:49:48 ☞ StartCamera1: 카메라 프레임을 읽지 못했습니다.

2026-07-24 11:49:48 ☞ StartCamera2: 카메라 프레임을 읽지 못했습니다.

2026-07-24 11:49:48 ☞ StartCamera1: 카메라 프레임을 읽지 못했습니다.

2026-07-24 11:49:48 ☞ StartCamera2: 카메라 프레임을 읽지 못했습니다.

2026-07-24 11:49:49 ☞ StartCamera1: 카메라 프레임을 읽지 못했습니다.

2026-07-24 11:49:49 ☞ StartCamera2: 카메라 프레임을 읽지 못했습니다.

2026-07-24 11:49:49 ☞ StartCamera1: 카메라 프레임을 읽지 못했습니다.

2026-07-24 11:49:50 ☞ StartCamera2: 카메라 프레임을 읽지 못했습니다.

2026-07-24 11:49:50 ☞ StartCamera1: 카메라 프레임을 읽지 못했습니다.

2026-07-24 11:49:50 ☞ StartCamera2: 카메라 프레임을 읽지 못했습니다.

2026-07-24 11:49:50 ☞ StartCamera1: 카메라 프레임을 읽지 못했습니다.

2026-07-24 11:49:51 ☞ StartCamera2: 카메라 프레임을 읽지 못했습니다.

2026-07-24 11:49:51 ☞ StartCamera1: 카메라 프레임을 읽지 못했습니다.

2026-07-24 11:49:51 ☞ StartCamera2: 카메라 프레임을 읽지 못했습니다.

2026-07-24 11:49:51 ☞ StartCamera1: 카메라 프레임을 읽지 못했습니다.

2026-07-24 11:49:52 ☞ StartCamera2: 카메라 프레임을 읽지 못했습니다.

2026-07-24 11:49:52 ☞ StartCamera1: 카메라 프레임을 읽지 못했습니다.

2026-07-24 11:49:52 ☞ StartCamera2: 카메라 프레임을 읽지 못했습니다.

2026-07-24 11:49:52 ☞ StartCamera1: 카메라 프레임을 읽지 못했습니다.

2026-07-24 11:49:53 ☞ StartCamera2: 카메라 프레임을 읽지 못했습니다.

2026-07-24 11:49:53 ☞ StartCamera1: 카메라 프레임을 읽지 못했습니다.

2026-07-24 11:49:53 ☞ StartCamera2: 카메라 프레임을 읽지 못했습니다.

2026-07-24 11:49:53 ☞ StartCamera1: 카메라 프레임을 읽지 못했습니다.

2026-07-24 11:49:54 ☞ StartCamera2: 카메라 프레임을 읽지 못했습니다.

2026-07-24 11:49:54 ☞ StartCamera1: 카메라 프레임을 읽지 못했습니다.

2026-07-24 11:49:54 ☞ StartCamera2: 카메라 프레임을 읽지 못했습니다.

2026-07-24 11:49:54 ☞ StartCamera1: 카메라 프레임을 읽지 못했습니다.

2026-07-24 11:49:55 ☞ StartCamera2: 카메라 프레임을 읽지 못했습니다.

2026-07-24 11:49:55 ☞ StartCamera1: 카메라 프레임을 읽지 못했습니다.

2026-07-24 11:49:55 ☞ StartCamera2: 카메라 프레임을 읽지 못했습니다.

2026-07-24 11:49:55 ☞ StartCamera1: 카메라 프레임을 읽지 못했습니다.

2026-07-24 11:49:56 ☞ StartCamera2: 카메라 프레임을 읽지 못했습니다.

2026-07-24 11:49:56 ☞ StartCamera1: 카메라 프레임을 읽지 못했습니다.

2026-07-24 11:49:56 ☞ StartCamera2: 카메라 프레임을 읽지 못했습니다.

2026-07-24 11:49:56 ☞ StartCamera1: 카메라 프레임을 읽지 못했습니다.

2026-07-24 11:49:57 ☞ StartCamera2: 카메라 프레임을 읽지 못했습니다.

2026-07-24 11:49:57 ☞ StartCamera1: 카메라 프레임을 읽지 못했습니다.

2026-07-24 11:49:57 ☞ StartCamera2: 카메라 프레임을 읽지 못했습니다.

2026-07-24 11:49:57 ☞ StartCamera1: 카메라 프레임을 읽지 못했습니다.

2026-07-24 11:49:58 ☞ StartCamera2: 카메라 프레임을 읽지 못했습니다.

2026-07-24 11:49:58 ☞ StartCamera1: 카메라 프레임을 읽지 못했습니다.

2026-07-24 11:49:58 ☞ StartCamera2: 카메라 프레임을 읽지 못했습니다.

2026-07-24 11:49:58 ☞ StartCamera1: 카메라 프레임을 읽지 못했습니다.

2026-07-24 11:49:59 ☞ StartCamera2: 카메라 프레임을 읽지 못했습니다.

2026-07-24 11:49:59 ☞ StartCamera1: 카메라 프레임을 읽지 못했습니다.

2026-07-24 11:49:59 ☞ StartCamera2: 카메라 프레임을 읽지 못했습니다.

2026-07-24 11:49:59 ☞ StartCamera1: 카메라 프레임을 읽지 못했습니다.

2026-07-24 11:50:00 ☞ StartCamera2: 카메라 프레임을 읽지 못했습니다.

2026-07-24 11:50:00 ☞ StartCamera1: 카메라 프레임을 읽지 못했습니다.

2026-07-24 11:50:00 ☞ StartCamera2: 카메라 프레임을 읽지 못했습니다.

2026-07-24 11:50:00 ☞ StartCamera1: 카메라 프레임을 읽지 못했습니다.

2026-07-24 11:50:01 ☞ StartCamera2: 카메라 프레임을 읽지 못했습니다.

2026-07-24 11:50:01 ☞ StartCamera1: 카메라 프레임을 읽지 못했습니다.

2026-07-24 11:50:01 ☞ StartCamera2: 카메라 프레임을 읽지 못했습니다.

2026-07-24 11:50:01 ☞ StartCamera1: 카메라 프레임을 읽지 못했습니다.

2026-07-24 11:50:02 ☞ StartCamera2: 카메라 프레임을 읽지 못했습니다.

2026-07-24 11:50:02 ☞ StartCamera1: 카메라 프레임을 읽지 못했습니다.

2026-07-24 11:50:02 ☞ StartCamera2: 카메라 프레임을 읽지 못했습니다.

2026-07-24 11:50:02 ☞ StartCamera1: 카메라 프레임을 읽지 못했습니다.

2026-07-24 11:50:03 ☞ StartCamera2: 카메라 프레임을 읽지 못했습니다.

2026-07-24 11:50:03 ☞ StartCamera1: 카메라 프레임을 읽지 못했습니다.

2026-07-24 11:50:03 ☞ StartCamera2: 카메라 프레임을 읽지 못했습니다.

2026-07-24 11:50:03 ☞ StartCamera1: 카메라 프레임을 읽지 못했습니다.

2026-07-24 11:50:04 ☞ StartCamera2: 카메라 프레임을 읽지 못했습니다.

2026-07-24 11:50:04 ☞ StartCamera1: 카메라 프레임을 읽지 못했습니다.

2026-07-24 11:50:04 ☞ StartCamera2: 카메라 프레임을 읽지 못했습니다.

2026-07-24 11:50:04 ☞ StartCamera1: 카메라 프레임을 읽지 못했습니다.

2026-07-24 11:50:05 ☞ StartCamera2: 카메라 프레임을 읽지 못했습니다.

2026-07-24 11:50:05 ☞ StartCamera1: 카메라 프레임을 읽지 못했습니다.

2026-07-24 11:50:05 ☞ StartCamera2: 카메라 프레임을 읽지 못했습니다.

2026-07-24 11:50:05 ☞ StartCamera1: 카메라 프레임을 읽지 못했습니다.

2026-07-24 11:50:06 ☞ StartCamera2: 카메라 프레임을 읽지 못했습니다.

2026-07-24 11:50:06 ☞ StartCamera1: 카메라 프레임을 읽지 못했습니다.

2026-07-24 11:50:06 ☞ StartCamera2: 카메라 프레임을 읽지 못했습니다.

2026-07-24 11:50:06 ☞ StartCamera1: 카메라 프레임을 읽지 못했습니다.

2026-07-24 11:50:07 ☞ StartCamera2: 카메라 프레임을 읽지 못했습니다.

2026-07-24 11:50:07 ☞ StartCamera1: 카메라 프레임을 읽지 못했습니다.

2026-07-24 11:50:07 ☞ StartCamera2: 카메라 프레임을 읽지 못했습니다.

2026-07-24 11:50:07 ☞ StartCamera1: 카메라 프레임을 읽지 못했습니다.

2026-07-24 11:50:08 ☞ StartCamera2: 카메라 프레임을 읽지 못했습니다.

2026-07-24 11:50:08 ☞ StartCamera1: 카메라 프레임을 읽지 못했습니다.

2026-07-24 11:50:08 ☞ StartCamera2: 카메라 프레임을 읽지 못했습니다.

2026-07-24 11:50:08 ☞ StartCamera1: 카메라 프레임을 읽지 못했습니다.

2026-07-24 11:50:09 ☞ StartCamera2: 카메라 프레임을 읽지 못했습니다.

2026-07-24 11:50:09 ☞ StartCamera1: 카메라 프레임을 읽지 못했습니다.

2026-07-24 11:50:09 ☞ StartCamera2: 카메라 프레임을 읽지 못했습니다.

2026-07-24 11:50:09 ☞ StartCamera1: 카메라 프레임을 읽지 못했습니다.

2026-07-24 11:50:10 ☞ StartCamera2: 카메라 프레임을 읽지 못했습니다.

2026-07-24 11:50:10 ☞ StartCamera1: 카메라 프레임을 읽지 못했습니다.

2026-07-24 11:50:10 ☞ StartCamera2: 카메라 프레임을 읽지 못했습니다.

2026-07-24 11:50:11 ☞ StartCamera1: 카메라 프레임을 읽지 못했습니다.

2026-07-24 11:50:11 ☞ StartCamera2: 카메라 프레임을 읽지 못했습니다.

2026-07-24 11:50:11 ☞ StartCamera1: 카메라 프레임을 읽지 못했습니다.

2026-07-24 11:50:11 ☞ StartCamera2: 카메라 프레임을 읽지 못했습니다.

2026-07-24 11:50:12 ☞ StartCamera1: 카메라 프레임을 읽지 못했습니다.

2026-07-24 11:50:12 ☞ StartCamera2: 카메라 프레임을 읽지 못했습니다.

2026-07-24 11:50:12 ☞ StartCamera1: 카메라 프레임을 읽지 못했습니다.

2026-07-24 11:50:12 ☞ StartCamera2: 카메라 프레임을 읽지 못했습니다.

2026-07-24 11:50:13 ☞ StartCamera1: 카메라 프레임을 읽지 못했습니다.

2026-07-24 11:50:13 ☞ StartCamera2: 카메라 프레임을 읽지 못했습니다.

2026-07-24 11:50:13 ☞ StartCamera1: 카메라 프레임을 읽지 못했습니다.

2026-07-24 11:50:13 ☞ StartCamera2: 카메라 프레임을 읽지 못했습니다.

2026-07-24 11:50:14 ☞ StartCamera1: 카메라 프레임을 읽지 못했습니다.

2026-07-24 11:50:14 ☞ StartCamera2: 카메라 프레임을 읽지 못했습니다.

2026-07-24 11:50:14 ☞ StartCamera1: 카메라 프레임을 읽지 못했습니다.

2026-07-24 11:50:15 ☞ StartCamera2: 카메라 프레임을 읽지 못했습니다.

2026-07-24 11:50:15 ☞ StartCamera1: 카메라 프레임을 읽지 못했습니다.

2026-07-24 11:50:15 ☞ StartCamera2: 카메라 프레임을 읽지 못했습니다.

2026-07-24 11:50:15 ☞ StartCamera1: 카메라 프레임을 읽지 못했습니다.

2026-07-24 11:50:16 ☞ StartCamera2: 카메라 프레임을 읽지 못했습니다.

2026-07-24 11:50:16 ☞ StartCamera1: 카메라 프레임을 읽지 못했습니다.

2026-07-24 11:50:16 ☞ StartCamera2: 카메라 프레임을 읽지 못했습니다.

2026-07-24 11:50:16 ☞ StartCamera1: 카메라 프레임을 읽지 못했습니다.

2026-07-24 11:50:17 ☞ StartCamera2: 카메라 프레임을 읽지 못했습니다.

2026-07-24 11:50:17 ☞ StartCamera1: 카메라 프레임을 읽지 못했습니다.

2026-07-24 11:50:17 ☞ StartCamera2: 카메라 프레임을 읽지 못했습니다.

2026-07-24 11:50:17 ☞ StartCamera1: 카메라 프레임을 읽지 못했습니다.

2026-07-24 11:50:18 ☞ StartCamera2: 카메라 프레임을 읽지 못했습니다.

2026-07-24 11:50:18 ☞ StartCamera1: 카메라 프레임을 읽지 못했습니다.

2026-07-24 11:50:18 ☞ StartCamera2: 카메라 프레임을 읽지 못했습니다.

2026-07-24 11:50:18 ☞ StartCamera1: 카메라 프레임을 읽지 못했습니다.

2026-07-24 11:50:19 ☞ StartCamera2: 카메라 프레임을 읽지 못했습니다.

2026-07-24 11:50:19 ☞ StartCamera1: 카메라 프레임을 읽지 못했습니다.

2026-07-24 11:50:19 ☞ StartCamera2: 카메라 프레임을 읽지 못했습니다.

2026-07-24 11:50:19 ☞ StartCamera1: 카메라 프레임을 읽지 못했습니다.

2026-07-24 11:50:20 ☞ StartCamera2: 카메라 프레임을 읽지 못했습니다.

2026-07-24 11:50:20 ☞ StartCamera1: 카메라 프레임을 읽지 못했습니다.

2026-07-24 11:50:20 ☞ StartCamera2: 카메라 프레임을 읽지 못했습니다.

2026-07-24 11:50:20 ☞ StartCamera1: 카메라 프레임을 읽지 못했습니다.

2026-07-24 11:50:21 ☞ StartCamera2: 카메라 프레임을 읽지 못했습니다.

2026-07-24 11:50:21 ☞ StartCamera1: 카메라 프레임을 읽지 못했습니다.

2026-07-24 11:50:21 ☞ StartCamera2: 카메라 프레임을 읽지 못했습니다.

2026-07-24 11:50:21 ☞ StartCamera1: 카메라 프레임을 읽지 못했습니다.

2026-07-24 11:50:22 ☞ StartCamera2: 카메라 프레임을 읽지 못했습니다.

2026-07-24 11:50:22 ☞ StartCamera1: 카메라 프레임을 읽지 못했습니다.

2026-07-24 11:50:22 ☞ StartCamera2: 카메라 프레임을 읽지 못했습니다.

2026-07-24 11:50:22 ☞ StartCamera1: 카메라 프레임을 읽지 못했습니다.

2026-07-24 11:50:23 ☞ StartCamera2: 카메라 프레임을 읽지 못했습니다.

2026-07-24 11:50:23 ☞ StartCamera1: 카메라 프레임을 읽지 못했습니다.

2026-07-24 11:50:23 ☞ StartCamera2: 카메라 프레임을 읽지 못했습니다.

2026-07-24 11:50:23 ☞ StartCamera1: 카메라 프레임을 읽지 못했습니다.

2026-07-24 11:50:24 ☞ StartCamera2: 카메라 프레임을 읽지 못했습니다.

2026-07-24 11:50:24 ☞ StartCamera1: 카메라 프레임을 읽지 못했습니다.

2026-07-24 11:50:24 ☞ StartCamera2: 카메라 프레임을 읽지 못했습니다.

2026-07-24 11:50:24 ☞ StartCamera1: 카메라 프레임을 읽지 못했습니다.

2026-07-24 11:50:25 ☞ StartCamera2: 카메라 프레임을 읽지 못했습니다.

2026-07-24 11:50:25 ☞ StartCamera1: 카메라 프레임을 읽지 못했습니다.

2026-07-24 11:50:25 ☞ StartCamera2: 카메라 프레임을 읽지 못했습니다.

2026-07-24 11:50:25 ☞ StartCamera1: 카메라 프레임을 읽지 못했습니다.

2026-07-24 11:50:26 ☞ StartCamera2: 카메라 프레임을 읽지 못했습니다.

2026-07-24 11:50:26 ☞ StartCamera1: 카메라 프레임을 읽지 못했습니다.

2026-07-24 11:50:26 ☞ StartCamera2: 카메라 프레임을 읽지 못했습니다.

2026-07-24 11:50:26 ☞ StartCamera1: 카메라 프레임을 읽지 못했습니다.

2026-07-24 11:50:27 ☞ StartCamera2: 카메라 프레임을 읽지 못했습니다.

2026-07-24 11:50:27 ☞ StartCamera1: 카메라 프레임을 읽지 못했습니다.

2026-07-24 11:50:27 ☞ StartCamera2: 카메라 프레임을 읽지 못했습니다.

2026-07-24 11:50:27 ☞ StartCamera1: 카메라 프레임을 읽지 못했습니다.

2026-07-24 11:50:28 ☞ StartCamera2: 카메라 프레임을 읽지 못했습니다.

2026-07-24 11:50:28 ☞ StartCamera1: 카메라 프레임을 읽지 못했습니다.

2026-07-24 11:50:28 ☞ StartCamera2: 카메라 프레임을 읽지 못했습니다.

2026-07-24 11:50:28 ☞ StartCamera1: 카메라 프레임을 읽지 못했습니다.

2026-07-24 11:50:29 ☞ StartCamera2: 카메라 프레임을 읽지 못했습니다.

2026-07-24 11:50:29 ☞ StartCamera1: 카메라 프레임을 읽지 못했습니다.

2026-07-24 11:50:29 ☞ StartCamera2: 카메라 프레임을 읽지 못했습니다.

2026-07-24 11:50:29 ☞ StartCamera1: 카메라 프레임을 읽지 못했습니다.

2026-07-24 11:50:30 ☞ StartCamera2: 카메라 프레임을 읽지 못했습니다.

2026-07-24 11:50:30 ☞ StartCamera1: 카메라 프레임을 읽지 못했습니다.

2026-07-24 11:50:30 ☞ StartCamera2: 카메라 프레임을 읽지 못했습니다.

2026-07-24 11:50:30 ☞ StartCamera1: 카메라 프레임을 읽지 못했습니다.

2026-07-24 11:50:31 ☞ StartCamera2: 카메라 프레임을 읽지 못했습니다.

2026-07-24 11:50:31 ☞ StartCamera1: 카메라 프레임을 읽지 못했습니다.

2026-07-24 11:50:31 ☞ StartCamera2: 카메라 프레임을 읽지 못했습니다.

2026-07-24 11:50:31 ☞ StartCamera1: 카메라 프레임을 읽지 못했습니다.

2026-07-24 11:50:32 ☞ StartCamera2: 카메라 프레임을 읽지 못했습니다.

2026-07-24 11:50:32 ☞ StartCamera1: 카메라 프레임을 읽지 못했습니다.

2026-07-24 11:50:32 ☞ StartCamera2: 카메라 프레임을 읽지 못했습니다.

2026-07-24 11:50:32 ☞ StartCamera1: 카메라 프레임을 읽지 못했습니다.

2026-07-24 11:50:33 ☞ StartCamera2: 카메라 프레임을 읽지 못했습니다.

2026-07-24 11:50:33 ☞ StartCamera1: 카메라 프레임을 읽지 못했습니다.

2026-07-24 11:50:33 ☞ StartCamera2: 카메라 프레임을 읽지 못했습니다.

2026-07-24 11:50:33 ☞ StartCamera1: 카메라 프레임을 읽지 못했습니다.

2026-07-24 11:50:34 ☞ StartCamera2: 카메라 프레임을 읽지 못했습니다.

2026-07-24 11:50:34 ☞ StartCamera1: 카메라 프레임을 읽지 못했습니다.

2026-07-24 11:50:34 ☞ StartCamera2: 카메라 프레임을 읽지 못했습니다.

2026-07-24 11:50:35 ☞ StartCamera1: 카메라 프레임을 읽지 못했습니다.

2026-07-24 11:50:35 ☞ StartCamera2: 카메라 프레임을 읽지 못했습니다.

2026-07-24 11:50:35 ☞ StartCamera1: 카메라 프레임을 읽지 못했습니다.

2026-07-24 11:50:35 ☞ StartCamera2: 카메라 프레임을 읽지 못했습니다.

2026-07-24 11:50:36 ☞ StartCamera1: 카메라 프레임을 읽지 못했습니다.

2026-07-24 11:50:36 ☞ StartCamera2: 카메라 프레임을 읽지 못했습니다.

2026-07-24 11:50:36 ☞ StartCamera1: 카메라 프레임을 읽지 못했습니다.

2026-07-24 11:50:36 ☞ StartCamera2: 카메라 프레임을 읽지 못했습니다.

2026-07-24 11:50:37 ☞ StartCamera1: 카메라 프레임을 읽지 못했습니다.

2026-07-24 11:50:37 ☞ StartCamera2: 카메라 프레임을 읽지 못했습니다.

2026-07-24 11:50:37 ☞ StartCamera1: 카메라 프레임을 읽지 못했습니다.

2026-07-24 11:50:37 ☞ StartCamera2: 카메라 프레임을 읽지 못했습니다.

2026-07-24 11:50:38 ☞ StartCamera1: 카메라 프레임을 읽지 못했습니다.

2026-07-24 11:50:38 ☞ StartCamera2: 카메라 프레임을 읽지 못했습니다.

2026-07-24 11:50:38 ☞ StartCamera1: 카메라 프레임을 읽지 못했습니다.

2026-07-24 11:50:39 ☞ StartCamera2: 카메라 프레임을 읽지 못했습니다.

2026-07-24 11:50:39 ☞ StartCamera1: 카메라 프레임을 읽지 못했습니다.

2026-07-24 11:50:39 ☞ StartCamera2: 카메라 프레임을 읽지 못했습니다.

2026-07-24 11:50:39 ☞ StartCamera1: 카메라 프레임을 읽지 못했습니다.

2026-07-24 11:50:40 ☞ StartCamera2: 카메라 프레임을 읽지 못했습니다.

2026-07-24 11:50:40 ☞ StartCamera1: 카메라 프레임을 읽지 못했습니다.

2026-07-24 11:50:40 ☞ StartCamera2: 카메라 프레임을 읽지 못했습니다.

2026-07-24 11:50:40 ☞ StartCamera1: 카메라 프레임을 읽지 못했습니다.

2026-07-24 11:50:41 ☞ StartCamera2: 카메라 프레임을 읽지 못했습니다.

2026-07-24 11:50:41 ☞ StartCamera1: 카메라 프레임을 읽지 못했습니다.

2026-07-24 11:50:41 ☞ StartCamera2: 카메라 프레임을 읽지 못했습니다.

2026-07-24 11:50:41 ☞ StartCamera1: 카메라 프레임을 읽지 못했습니다.

2026-07-24 11:50:42 ☞ StartCamera2: 카메라 프레임을 읽지 못했습니다.

2026-07-24 11:50:42 ☞ StartCamera1: 카메라 프레임을 읽지 못했습니다.

2026-07-24 11:50:42 ☞ StartCamera2: 카메라 프레임을 읽지 못했습니다.

2026-07-24 11:50:42 ☞ StartCamera1: 카메라 프레임을 읽지 못했습니다.

2026-07-24 11:50:43 ☞ StartCamera2: 카메라 프레임을 읽지 못했습니다.

2026-07-24 11:50:43 ☞ StartCamera1: 카메라 프레임을 읽지 못했습니다.

2026-07-24 11:50:43 ☞ StartCamera2: 카메라 프레임을 읽지 못했습니다.

2026-07-24 11:50:43 ☞ StartCamera1: 카메라 프레임을 읽지 못했습니다.

2026-07-24 11:50:44 ☞ StartCamera2: 카메라 프레임을 읽지 못했습니다.

2026-07-24 11:50:44 ☞ StartCamera1: 카메라 프레임을 읽지 못했습니다.

2026-07-24 11:50:44 ☞ StartCamera2: 카메라 프레임을 읽지 못했습니다.

2026-07-24 11:50:44 ☞ StartCamera1: 카메라 프레임을 읽지 못했습니다.

2026-07-24 11:50:45 ☞ StartCamera2: 카메라 프레임을 읽지 못했습니다.

2026-07-24 11:50:45 ☞ StartCamera1: 카메라 프레임을 읽지 못했습니다.

2026-07-24 11:50:45 ☞ StartCamera2: 카메라 프레임을 읽지 못했습니다.

2026-07-24 11:50:45 ☞ StartCamera1: 카메라 프레임을 읽지 못했습니다.

2026-07-24 11:50:46 ☞ StartCamera2: 카메라 프레임을 읽지 못했습니다.

2026-07-24 11:50:46 ☞ StartCamera1: 카메라 프레임을 읽지 못했습니다.

2026-07-24 11:50:46 ☞ StartCamera2: 카메라 프레임을 읽지 못했습니다.

2026-07-24 11:50:46 ☞ StartCamera1: 카메라 프레임을 읽지 못했습니다.

2026-07-24 11:50:47 ☞ StartCamera2: 카메라 프레임을 읽지 못했습니다.

2026-07-24 11:50:47 ☞ StartCamera1: 카메라 프레임을 읽지 못했습니다.

2026-07-24 11:50:47 ☞ StartCamera2: 카메라 프레임을 읽지 못했습니다.

2026-07-24 11:50:47 ☞ StartCamera1: 카메라 프레임을 읽지 못했습니다.

2026-07-24 11:50:48 ☞ StartCamera2: 카메라 프레임을 읽지 못했습니다.

2026-07-24 11:50:48 ☞ StartCamera1: 카메라 프레임을 읽지 못했습니다.

2026-07-24 11:50:48 ☞ StartCamera2: 카메라 프레임을 읽지 못했습니다.

2026-07-24 11:50:48 ☞ StartCamera1: 카메라 프레임을 읽지 못했습니다.

2026-07-24 11:50:49 ☞ StartCamera2: 카메라 프레임을 읽지 못했습니다.

2026-07-24 11:50:49 ☞ StartCamera1: 카메라 프레임을 읽지 못했습니다.

2026-07-24 11:50:49 ☞ StartCamera2: 카메라 프레임을 읽지 못했습니다.

2026-07-24 11:50:49 ☞ StartCamera1: 카메라 프레임을 읽지 못했습니다.

2026-07-24 11:50:50 ☞ StartCamera2: 카메라 프레임을 읽지 못했습니다.

2026-07-24 11:50:50 ☞ StartCamera1: 카메라 프레임을 읽지 못했습니다.

2026-07-24 11:50:50 ☞ StartCamera2: 카메라 프레임을 읽지 못했습니다.

2026-07-24 11:50:50 ☞ StartCamera1: 카메라 프레임을 읽지 못했습니다.

2026-07-24 11:50:51 ☞ StartCamera2: 카메라 프레임을 읽지 못했습니다.

2026-07-24 11:50:51 ☞ StartCamera1: 카메라 프레임을 읽지 못했습니다.

2026-07-24 11:50:51 ☞ StartCamera2: 카메라 프레임을 읽지 못했습니다.

2026-07-24 11:50:51 ☞ StartCamera1: 카메라 프레임을 읽지 못했습니다.

2026-07-24 11:50:52 ☞ StartCamera2: 카메라 프레임을 읽지 못했습니다.

2026-07-24 11:50:52 ☞ StartCamera1: 카메라 프레임을 읽지 못했습니다.

2026-07-24 11:50:52 ☞ StartCamera2: 카메라 프레임을 읽지 못했습니다.

2026-07-24 11:50:52 ☞ StartCamera1: 카메라 프레임을 읽지 못했습니다.

2026-07-24 11:50:53 ☞ StartCamera2: 카메라 프레임을 읽지 못했습니다.

2026-07-24 11:50:53 ☞ StartCamera1: 카메라 프레임을 읽지 못했습니다.

2026-07-24 11:50:53 ☞ StartCamera2: 카메라 프레임을 읽지 못했습니다.

2026-07-24 11:50:53 ☞ StartCamera1: 카메라 프레임을 읽지 못했습니다.

2026-07-24 11:50:54 ☞ StartCamera2: 카메라 프레임을 읽지 못했습니다.

2026-07-24 11:50:54 ☞ StartCamera1: 카메라 프레임을 읽지 못했습니다.

2026-07-24 11:50:54 ☞ StartCamera2: 카메라 프레임을 읽지 못했습니다.

2026-07-24 11:50:54 ☞ StartCamera1: 카메라 프레임을 읽지 못했습니다.

2026-07-24 11:50:55 ☞ StartCamera2: 카메라 프레임을 읽지 못했습니다.

2026-07-24 11:50:55 ☞ StartCamera1: 카메라 프레임을 읽지 못했습니다.

2026-07-24 11:50:55 ☞ StartCamera2: 카메라 프레임을 읽지 못했습니다.

2026-07-24 11:50:55 ☞ StartCamera1: 카메라 프레임을 읽지 못했습니다.

2026-07-24 11:50:56 ☞ StartCamera2: 카메라 프레임을 읽지 못했습니다.

2026-07-24 11:50:56 ☞ StartCamera1: 카메라 프레임을 읽지 못했습니다.

2026-07-24 11:50:56 ☞ StartCamera2: 카메라 프레임을 읽지 못했습니다.

2026-07-24 11:50:56 ☞ StartCamera1: 카메라 프레임을 읽지 못했습니다.

2026-07-24 11:50:57 ☞ StartCamera2: 카메라 프레임을 읽지 못했습니다.

2026-07-24 11:50:57 ☞ StartCamera1: 카메라 프레임을 읽지 못했습니다.

2026-07-24 11:50:57 ☞ 프로그램이 종료됩니다 - 사용자 종료

